comparator_geography,benchmark_state_id,representative_year,land_class,raw_area_ha,effective_weight,effective_area_ha,benchmark_vanilla_rubber_cap,year_selection_reason,capacity_note,citation_1_title,citation_1_url,citation_1_locator,citation_2_title,citation_2_url,citation_2_locator
Mozambique,STATE_MOCAMBIQUE,1936,high_suitability_plantation,225000.0,1.0,225000.0,30.0,Rubber comparator capacity is benchmarked as potential effective commercial plantation land rather than GDP-selected realized latex output.,Vanilla latent-rubber benchmark state seeded with the `plantation_core` tropical plantation profile; effective hectares per cap are held on the v3 latent-rubber denominator.,Victoria 3 vanilla state_regions rubber benchmark,,STATE_MOCAMBIQUE latent rubber cap = 30 in the shipped vanilla state file.,Comparator profile rationale,,Profile `plantation_core` distributes effective rubber hectares across high/moderate/marginal plantation suitability rather than treating vanilla cap as direct estate area.
Mozambique,STATE_MOCAMBIQUE,1936,moderate_suitability_plantation,112500.0,0.6,67500.0,30.0,Rubber comparator capacity is benchmarked as potential effective commercial plantation land rather than GDP-selected realized latex output.,Vanilla latent-rubber benchmark state seeded with the `plantation_core` tropical plantation profile; effective hectares per cap are held on the v3 latent-rubber denominator.,Victoria 3 vanilla state_regions rubber benchmark,,STATE_MOCAMBIQUE latent rubber cap = 30 in the shipped vanilla state file.,Comparator profile rationale,,Profile `plantation_core` distributes effective rubber hectares across high/moderate/marginal plantation suitability rather than treating vanilla cap as direct estate area.
Mozambique,STATE_MOCAMBIQUE,1936,marginal_suitability_plantation,37500.0,0.2,7500.0,30.0,Rubber comparator capacity is benchmarked as potential effective commercial plantation land rather than GDP-selected realized latex output.,Vanilla latent-rubber benchmark state seeded with the `plantation_core` tropical plantation profile; effective hectares per cap are held on the v3 latent-rubber denominator.,Victoria 3 vanilla state_regions rubber benchmark,,STATE_MOCAMBIQUE latent rubber cap = 30 in the shipped vanilla state file.,Comparator profile rationale,,Profile `plantation_core` distributes effective rubber hectares across high/moderate/marginal plantation suitability rather than treating vanilla cap as direct estate area.
Mozambique,STATE_MOCAMBIQUE,1936,unsuitable_or_noncommercial,0.0,0.0,0.0,30.0,Rubber comparator capacity is benchmarked as potential effective commercial plantation land rather than GDP-selected realized latex output.,Vanilla latent-rubber benchmark state seeded with the `plantation_core` tropical plantation profile; effective hectares per cap are held on the v3 latent-rubber denominator.,Victoria 3 vanilla state_regions rubber benchmark,,STATE_MOCAMBIQUE latent rubber cap = 30 in the shipped vanilla state file.,Comparator profile rationale,,Profile `plantation_core` distributes effective rubber hectares across high/moderate/marginal plantation suitability rather than treating vanilla cap as direct estate area.
Zambezi,STATE_ZAMBEZI,1936,high_suitability_plantation,68965.5172413793,1.0,68965.5172413793,16.0,Rubber comparator capacity is benchmarked as potential effective commercial plantation land rather than GDP-selected realized latex output.,Vanilla latent-rubber benchmark state seeded with the `plateau_fringe` tropical plantation profile; effective hectares per cap are held on the v3 latent-rubber denominator.,Victoria 3 vanilla state_regions rubber benchmark,,STATE_ZAMBEZI latent rubber cap = 16 in the shipped vanilla state file.,Comparator profile rationale,,Profile `plateau_fringe` distributes effective rubber hectares across high/moderate/marginal plantation suitability rather than treating vanilla cap as direct estate area.
Zambezi,STATE_ZAMBEZI,1936,moderate_suitability_plantation,124137.93103448275,0.6,74482.75862068965,16.0,Rubber comparator capacity is benchmarked as potential effective commercial plantation land rather than GDP-selected realized latex output.,Vanilla latent-rubber benchmark state seeded with the `plateau_fringe` tropical plantation profile; effective hectares per cap are held on the v3 latent-rubber denominator.,Victoria 3 vanilla state_regions rubber benchmark,,STATE_ZAMBEZI latent rubber cap = 16 in the shipped vanilla state file.,Comparator profile rationale,,Profile `plateau_fringe` distributes effective rubber hectares across high/moderate/marginal plantation suitability rather than treating vanilla cap as direct estate area.
Zambezi,STATE_ZAMBEZI,1936,marginal_suitability_plantation,82758.62068965516,0.2,16551.724137931033,16.0,Rubber comparator capacity is benchmarked as potential effective commercial plantation land rather than GDP-selected realized latex output.,Vanilla latent-rubber benchmark state seeded with the `plateau_fringe` tropical plantation profile; effective hectares per cap are held on the v3 latent-rubber denominator.,Victoria 3 vanilla state_regions rubber benchmark,,STATE_ZAMBEZI latent rubber cap = 16 in the shipped vanilla state file.,Comparator profile rationale,,Profile `plateau_fringe` distributes effective rubber hectares across high/moderate/marginal plantation suitability rather than treating vanilla cap as direct estate area.
Zambezi,STATE_ZAMBEZI,1936,unsuitable_or_noncommercial,0.0,0.0,0.0,16.0,Rubber comparator capacity is benchmarked as potential effective commercial plantation land rather than GDP-selected realized latex output.,Vanilla latent-rubber benchmark state seeded with the `plateau_fringe` tropical plantation profile; effective hectares per cap are held on the v3 latent-rubber denominator.,Victoria 3 vanilla state_regions rubber benchmark,,STATE_ZAMBEZI latent rubber cap = 16 in the shipped vanilla state file.,Comparator profile rationale,,Profile `plateau_fringe` distributes effective rubber hectares across high/moderate/marginal plantation suitability rather than treating vanilla cap as direct estate area.
Tanganyika,STATE_TANGANYIKA,1936,high_suitability_plantation,164705.88235294117,1.0,164705.88235294117,28.0,Rubber comparator capacity is benchmarked as potential effective commercial plantation land rather than GDP-selected realized latex output.,Vanilla latent-rubber benchmark state seeded with the `mixed_tropical` tropical plantation profile; effective hectares per cap are held on the v3 latent-rubber denominator.,Victoria 3 vanilla state_regions rubber benchmark,,STATE_TANGANYIKA latent rubber cap = 28 in the shipped vanilla state file.,Comparator profile rationale,,Profile `mixed_tropical` distributes effective rubber hectares across high/moderate/marginal plantation suitability rather than treating vanilla cap as direct estate area.
Tanganyika,STATE_TANGANYIKA,1936,moderate_suitability_plantation,164705.88235294117,0.6,98823.5294117647,28.0,Rubber comparator capacity is benchmarked as potential effective commercial plantation land rather than GDP-selected realized latex output.,Vanilla latent-rubber benchmark state seeded with the `mixed_tropical` tropical plantation profile; effective hectares per cap are held on the v3 latent-rubber denominator.,Victoria 3 vanilla state_regions rubber benchmark,,STATE_TANGANYIKA latent rubber cap = 28 in the shipped vanilla state file.,Comparator profile rationale,,Profile `mixed_tropical` distributes effective rubber hectares across high/moderate/marginal plantation suitability rather than treating vanilla cap as direct estate area.
Tanganyika,STATE_TANGANYIKA,1936,marginal_suitability_plantation,82352.94117647059,0.2,16470.58823529412,28.0,Rubber comparator capacity is benchmarked as potential effective commercial plantation land rather than GDP-selected realized latex output.,Vanilla latent-rubber benchmark state seeded with the `mixed_tropical` tropical plantation profile; effective hectares per cap are held on the v3 latent-rubber denominator.,Victoria 3 vanilla state_regions rubber benchmark,,STATE_TANGANYIKA latent rubber cap = 28 in the shipped vanilla state file.,Comparator profile rationale,,Profile `mixed_tropical` distributes effective rubber hectares across high/moderate/marginal plantation suitability rather than treating vanilla cap as direct estate area.
Tanganyika,STATE_TANGANYIKA,1936,unsuitable_or_noncommercial,0.0,0.0,0.0,28.0,Rubber comparator capacity is benchmarked as potential effective commercial plantation land rather than GDP-selected realized latex output.,Vanilla latent-rubber benchmark state seeded with the `mixed_tropical` tropical plantation profile; effective hectares per cap are held on the v3 latent-rubber denominator.,Victoria 3 vanilla state_regions rubber benchmark,,STATE_TANGANYIKA latent rubber cap = 28 in the shipped vanilla state file.,Comparator profile rationale,,Profile `mixed_tropical` distributes effective rubber hectares across high/moderate/marginal plantation suitability rather than treating vanilla cap as direct estate area.
Uganda,STATE_UGANDA,1936,high_suitability_plantation,164705.88235294117,1.0,164705.88235294117,28.0,Rubber comparator capacity is benchmarked as potential effective commercial plantation land rather than GDP-selected realized latex output.,Vanilla latent-rubber benchmark state seeded with the `mixed_tropical` tropical plantation profile; effective hectares per cap are held on the v3 latent-rubber denominator.,Victoria 3 vanilla state_regions rubber benchmark,,STATE_UGANDA latent rubber cap = 28 in the shipped vanilla state file.,Comparator profile rationale,,Profile `mixed_tropical` distributes effective rubber hectares across high/moderate/marginal plantation suitability rather than treating vanilla cap as direct estate area.
Uganda,STATE_UGANDA,1936,moderate_suitability_plantation,164705.88235294117,0.6,98823.5294117647,28.0,Rubber comparator capacity is benchmarked as potential effective commercial plantation land rather than GDP-selected realized latex output.,Vanilla latent-rubber benchmark state seeded with the `mixed_tropical` tropical plantation profile; effective hectares per cap are held on the v3 latent-rubber denominator.,Victoria 3 vanilla state_regions rubber benchmark,,STATE_UGANDA latent rubber cap = 28 in the shipped vanilla state file.,Comparator profile rationale,,Profile `mixed_tropical` distributes effective rubber hectares across high/moderate/marginal plantation suitability rather than treating vanilla cap as direct estate area.
Uganda,STATE_UGANDA,1936,marginal_suitability_plantation,82352.94117647059,0.2,16470.58823529412,28.0,Rubber comparator capacity is benchmarked as potential effective commercial plantation land rather than GDP-selected realized latex output.,Vanilla latent-rubber benchmark state seeded with the `mixed_tropical` tropical plantation profile; effective hectares per cap are held on the v3 latent-rubber denominator.,Victoria 3 vanilla state_regions rubber benchmark,,STATE_UGANDA latent rubber cap = 28 in the shipped vanilla state file.,Comparator profile rationale,,Profile `mixed_tropical` distributes effective rubber hectares across high/moderate/marginal plantation suitability rather than treating vanilla cap as direct estate area.
Uganda,STATE_UGANDA,1936,unsuitable_or_noncommercial,0.0,0.0,0.0,28.0,Rubber comparator capacity is benchmarked as potential effective commercial plantation land rather than GDP-selected realized latex output.,Vanilla latent-rubber benchmark state seeded with the `mixed_tropical` tropical plantation profile; effective hectares per cap are held on the v3 latent-rubber denominator.,Victoria 3 vanilla state_regions rubber benchmark,,STATE_UGANDA latent rubber cap = 28 in the shipped vanilla state file.,Comparator profile rationale,,Profile `mixed_tropical` distributes effective rubber hectares across high/moderate/marginal plantation suitability rather than treating vanilla cap as direct estate area.
Kenya,STATE_KENYA,1936,high_suitability_plantation,102857.14285714286,1.0,102857.14285714286,16.0,Rubber comparator capacity is benchmarked as potential effective commercial plantation land rather than GDP-selected realized latex output.,Vanilla latent-rubber benchmark state seeded with the `coastal_tropical` tropical plantation profile; effective hectares per cap are held on the v3 latent-rubber denominator.,Victoria 3 vanilla state_regions rubber benchmark,,STATE_KENYA latent rubber cap = 16 in the shipped vanilla state file.,Comparator profile rationale,,Profile `coastal_tropical` distributes effective rubber hectares across high/moderate/marginal plantation suitability rather than treating vanilla cap as direct estate area.
Kenya,STATE_KENYA,1936,moderate_suitability_plantation,79999.99999999999,0.6,47999.99999999999,16.0,Rubber comparator capacity is benchmarked as potential effective commercial plantation land rather than GDP-selected realized latex output.,Vanilla latent-rubber benchmark state seeded with the `coastal_tropical` tropical plantation profile; effective hectares per cap are held on the v3 latent-rubber denominator.,Victoria 3 vanilla state_regions rubber benchmark,,STATE_KENYA latent rubber cap = 16 in the shipped vanilla state file.,Comparator profile rationale,,Profile `coastal_tropical` distributes effective rubber hectares across high/moderate/marginal plantation suitability rather than treating vanilla cap as direct estate area.
Kenya,STATE_KENYA,1936,marginal_suitability_plantation,45714.28571428571,0.2,9142.857142857143,16.0,Rubber comparator capacity is benchmarked as potential effective commercial plantation land rather than GDP-selected realized latex output.,Vanilla latent-rubber benchmark state seeded with the `coastal_tropical` tropical plantation profile; effective hectares per cap are held on the v3 latent-rubber denominator.,Victoria 3 vanilla state_regions rubber benchmark,,STATE_KENYA latent rubber cap = 16 in the shipped vanilla state file.,Comparator profile rationale,,Profile `coastal_tropical` distributes effective rubber hectares across high/moderate/marginal plantation suitability rather than treating vanilla cap as direct estate area.
Kenya,STATE_KENYA,1936,unsuitable_or_noncommercial,0.0,0.0,0.0,16.0,Rubber comparator capacity is benchmarked as potential effective commercial plantation land rather than GDP-selected realized latex output.,Vanilla latent-rubber benchmark state seeded with the `coastal_tropical` tropical plantation profile; effective hectares per cap are held on the v3 latent-rubber denominator.,Victoria 3 vanilla state_regions rubber benchmark,,STATE_KENYA latent rubber cap = 16 in the shipped vanilla state file.,Comparator profile rationale,,Profile `coastal_tropical` distributes effective rubber hectares across high/moderate/marginal plantation suitability rather than treating vanilla cap as direct estate area.
Zanzibar,STATE_ZANZIBAR,1936,high_suitability_plantation,102857.14285714286,1.0,102857.14285714286,16.0,Rubber comparator capacity is benchmarked as potential effective commercial plantation land rather than GDP-selected realized latex output.,Vanilla latent-rubber benchmark state seeded with the `coastal_tropical` tropical plantation profile; effective hectares per cap are held on the v3 latent-rubber denominator.,Victoria 3 vanilla state_regions rubber benchmark,,STATE_ZANZIBAR latent rubber cap = 16 in the shipped vanilla state file.,Comparator profile rationale,,Profile `coastal_tropical` distributes effective rubber hectares across high/moderate/marginal plantation suitability rather than treating vanilla cap as direct estate area.
Zanzibar,STATE_ZANZIBAR,1936,moderate_suitability_plantation,79999.99999999999,0.6,47999.99999999999,16.0,Rubber comparator capacity is benchmarked as potential effective commercial plantation land rather than GDP-selected realized latex output.,Vanilla latent-rubber benchmark state seeded with the `coastal_tropical` tropical plantation profile; effective hectares per cap are held on the v3 latent-rubber denominator.,Victoria 3 vanilla state_regions rubber benchmark,,STATE_ZANZIBAR latent rubber cap = 16 in the shipped vanilla state file.,Comparator profile rationale,,Profile `coastal_tropical` distributes effective rubber hectares across high/moderate/marginal plantation suitability rather than treating vanilla cap as direct estate area.
Zanzibar,STATE_ZANZIBAR,1936,marginal_suitability_plantation,45714.28571428571,0.2,9142.857142857143,16.0,Rubber comparator capacity is benchmarked as potential effective commercial plantation land rather than GDP-selected realized latex output.,Vanilla latent-rubber benchmark state seeded with the `coastal_tropical` tropical plantation profile; effective hectares per cap are held on the v3 latent-rubber denominator.,Victoria 3 vanilla state_regions rubber benchmark,,STATE_ZANZIBAR latent rubber cap = 16 in the shipped vanilla state file.,Comparator profile rationale,,Profile `coastal_tropical` distributes effective rubber hectares across high/moderate/marginal plantation suitability rather than treating vanilla cap as direct estate area.
Zanzibar,STATE_ZANZIBAR,1936,unsuitable_or_noncommercial,0.0,0.0,0.0,16.0,Rubber comparator capacity is benchmarked as potential effective commercial plantation land rather than GDP-selected realized latex output.,Vanilla latent-rubber benchmark state seeded with the `coastal_tropical` tropical plantation profile; effective hectares per cap are held on the v3 latent-rubber denominator.,Victoria 3 vanilla state_regions rubber benchmark,,STATE_ZANZIBAR latent rubber cap = 16 in the shipped vanilla state file.,Comparator profile rationale,,Profile `coastal_tropical` distributes effective rubber hectares across high/moderate/marginal plantation suitability rather than treating vanilla cap as direct estate area.
South Cameroon,STATE_SOUTH_CAMEROON,1936,high_suitability_plantation,180000.0,1.0,180000.0,24.0,Rubber comparator capacity is benchmarked as potential effective commercial plantation land rather than GDP-selected realized latex output.,Vanilla latent-rubber benchmark state seeded with the `plantation_core` tropical plantation profile; effective hectares per cap are held on the v3 latent-rubber denominator.,Victoria 3 vanilla state_regions rubber benchmark,,STATE_SOUTH_CAMEROON latent rubber cap = 24 in the shipped vanilla state file.,Comparator profile rationale,,Profile `plantation_core` distributes effective rubber hectares across high/moderate/marginal plantation suitability rather than treating vanilla cap as direct estate area.
South Cameroon,STATE_SOUTH_CAMEROON,1936,moderate_suitability_plantation,90000.0,0.6,54000.0,24.0,Rubber comparator capacity is benchmarked as potential effective commercial plantation land rather than GDP-selected realized latex output.,Vanilla latent-rubber benchmark state seeded with the `plantation_core` tropical plantation profile; effective hectares per cap are held on the v3 latent-rubber denominator.,Victoria 3 vanilla state_regions rubber benchmark,,STATE_SOUTH_CAMEROON latent rubber cap = 24 in the shipped vanilla state file.,Comparator profile rationale,,Profile `plantation_core` distributes effective rubber hectares across high/moderate/marginal plantation suitability rather than treating vanilla cap as direct estate area.
South Cameroon,STATE_SOUTH_CAMEROON,1936,marginal_suitability_plantation,30000.0,0.2,6000.0,24.0,Rubber comparator capacity is benchmarked as potential effective commercial plantation land rather than GDP-selected realized latex output.,Vanilla latent-rubber benchmark state seeded with the `plantation_core` tropical plantation profile; effective hectares per cap are held on the v3 latent-rubber denominator.,Victoria 3 vanilla state_regions rubber benchmark,,STATE_SOUTH_CAMEROON latent rubber cap = 24 in the shipped vanilla state file.,Comparator profile rationale,,Profile `plantation_core` distributes effective rubber hectares across high/moderate/marginal plantation suitability rather than treating vanilla cap as direct estate area.
South Cameroon,STATE_SOUTH_CAMEROON,1936,unsuitable_or_noncommercial,0.0,0.0,0.0,24.0,Rubber comparator capacity is benchmarked as potential effective commercial plantation land rather than GDP-selected realized latex output.,Vanilla latent-rubber benchmark state seeded with the `plantation_core` tropical plantation profile; effective hectares per cap are held on the v3 latent-rubber denominator.,Victoria 3 vanilla state_regions rubber benchmark,,STATE_SOUTH_CAMEROON latent rubber cap = 24 in the shipped vanilla state file.,Comparator profile rationale,,Profile `plantation_core` distributes effective rubber hectares across high/moderate/marginal plantation suitability rather than treating vanilla cap as direct estate area.
Gabon,STATE_GABON,1936,high_suitability_plantation,217500.0,1.0,217500.0,29.0,Rubber comparator capacity is benchmarked as potential effective commercial plantation land rather than GDP-selected realized latex output.,Vanilla latent-rubber benchmark state seeded with the `plantation_core` tropical plantation profile; effective hectares per cap are held on the v3 latent-rubber denominator.,Victoria 3 vanilla state_regions rubber benchmark,,STATE_GABON latent rubber cap = 29 in the shipped vanilla state file.,Comparator profile rationale,,Profile `plantation_core` distributes effective rubber hectares across high/moderate/marginal plantation suitability rather than treating vanilla cap as direct estate area.
Gabon,STATE_GABON,1936,moderate_suitability_plantation,108750.0,0.6,65250.0,29.0,Rubber comparator capacity is benchmarked as potential effective commercial plantation land rather than GDP-selected realized latex output.,Vanilla latent-rubber benchmark state seeded with the `plantation_core` tropical plantation profile; effective hectares per cap are held on the v3 latent-rubber denominator.,Victoria 3 vanilla state_regions rubber benchmark,,STATE_GABON latent rubber cap = 29 in the shipped vanilla state file.,Comparator profile rationale,,Profile `plantation_core` distributes effective rubber hectares across high/moderate/marginal plantation suitability rather than treating vanilla cap as direct estate area.
Gabon,STATE_GABON,1936,marginal_suitability_plantation,36250.0,0.2,7250.0,29.0,Rubber comparator capacity is benchmarked as potential effective commercial plantation land rather than GDP-selected realized latex output.,Vanilla latent-rubber benchmark state seeded with the `plantation_core` tropical plantation profile; effective hectares per cap are held on the v3 latent-rubber denominator.,Victoria 3 vanilla state_regions rubber benchmark,,STATE_GABON latent rubber cap = 29 in the shipped vanilla state file.,Comparator profile rationale,,Profile `plantation_core` distributes effective rubber hectares across high/moderate/marginal plantation suitability rather than treating vanilla cap as direct estate area.
Gabon,STATE_GABON,1936,unsuitable_or_noncommercial,0.0,0.0,0.0,29.0,Rubber comparator capacity is benchmarked as potential effective commercial plantation land rather than GDP-selected realized latex output.,Vanilla latent-rubber benchmark state seeded with the `plantation_core` tropical plantation profile; effective hectares per cap are held on the v3 latent-rubber denominator.,Victoria 3 vanilla state_regions rubber benchmark,,STATE_GABON latent rubber cap = 29 in the shipped vanilla state file.,Comparator profile rationale,,Profile `plantation_core` distributes effective rubber hectares across high/moderate/marginal plantation suitability rather than treating vanilla cap as direct estate area.
Congo,STATE_CONGO,1936,high_suitability_plantation,487500.0,1.0,487500.0,65.0,Rubber comparator capacity is benchmarked as potential effective commercial plantation land rather than GDP-selected realized latex output.,Vanilla latent-rubber benchmark state seeded with the `plantation_core` tropical plantation profile; effective hectares per cap are held on the v3 latent-rubber denominator.,Victoria 3 vanilla state_regions rubber benchmark,,STATE_CONGO latent rubber cap = 65 in the shipped vanilla state file.,Comparator profile rationale,,Profile `plantation_core` distributes effective rubber hectares across high/moderate/marginal plantation suitability rather than treating vanilla cap as direct estate area.
Congo,STATE_CONGO,1936,moderate_suitability_plantation,243750.0,0.6,146250.0,65.0,Rubber comparator capacity is benchmarked as potential effective commercial plantation land rather than GDP-selected realized latex output.,Vanilla latent-rubber benchmark state seeded with the `plantation_core` tropical plantation profile; effective hectares per cap are held on the v3 latent-rubber denominator.,Victoria 3 vanilla state_regions rubber benchmark,,STATE_CONGO latent rubber cap = 65 in the shipped vanilla state file.,Comparator profile rationale,,Profile `plantation_core` distributes effective rubber hectares across high/moderate/marginal plantation suitability rather than treating vanilla cap as direct estate area.
Congo,STATE_CONGO,1936,marginal_suitability_plantation,81250.0,0.2,16250.0,65.0,Rubber comparator capacity is benchmarked as potential effective commercial plantation land rather than GDP-selected realized latex output.,Vanilla latent-rubber benchmark state seeded with the `plantation_core` tropical plantation profile; effective hectares per cap are held on the v3 latent-rubber denominator.,Victoria 3 vanilla state_regions rubber benchmark,,STATE_CONGO latent rubber cap = 65 in the shipped vanilla state file.,Comparator profile rationale,,Profile `plantation_core` distributes effective rubber hectares across high/moderate/marginal plantation suitability rather than treating vanilla cap as direct estate area.
Congo,STATE_CONGO,1936,unsuitable_or_noncommercial,0.0,0.0,0.0,65.0,Rubber comparator capacity is benchmarked as potential effective commercial plantation land rather than GDP-selected realized latex output.,Vanilla latent-rubber benchmark state seeded with the `plantation_core` tropical plantation profile; effective hectares per cap are held on the v3 latent-rubber denominator.,Victoria 3 vanilla state_regions rubber benchmark,,STATE_CONGO latent rubber cap = 65 in the shipped vanilla state file.,Comparator profile rationale,,Profile `plantation_core` distributes effective rubber hectares across high/moderate/marginal plantation suitability rather than treating vanilla cap as direct estate area.
Congo Orientale,STATE_CONGO_ORIENTALE,1936,high_suitability_plantation,390000.0,1.0,390000.0,52.0,Rubber comparator capacity is benchmarked as potential effective commercial plantation land rather than GDP-selected realized latex output.,Vanilla latent-rubber benchmark state seeded with the `plantation_core` tropical plantation profile; effective hectares per cap are held on the v3 latent-rubber denominator.,Victoria 3 vanilla state_regions rubber benchmark,,STATE_CONGO_ORIENTALE latent rubber cap = 52 in the shipped vanilla state file.,Comparator profile rationale,,Profile `plantation_core` distributes effective rubber hectares across high/moderate/marginal plantation suitability rather than treating vanilla cap as direct estate area.
Congo Orientale,STATE_CONGO_ORIENTALE,1936,moderate_suitability_plantation,195000.0,0.6,117000.0,52.0,Rubber comparator capacity is benchmarked as potential effective commercial plantation land rather than GDP-selected realized latex output.,Vanilla latent-rubber benchmark state seeded with the `plantation_core` tropical plantation profile; effective hectares per cap are held on the v3 latent-rubber denominator.,Victoria 3 vanilla state_regions rubber benchmark,,STATE_CONGO_ORIENTALE latent rubber cap = 52 in the shipped vanilla state file.,Comparator profile rationale,,Profile `plantation_core` distributes effective rubber hectares across high/moderate/marginal plantation suitability rather than treating vanilla cap as direct estate area.
Congo Orientale,STATE_CONGO_ORIENTALE,1936,marginal_suitability_plantation,65000.0,0.2,13000.0,52.0,Rubber comparator capacity is benchmarked as potential effective commercial plantation land rather than GDP-selected realized latex output.,Vanilla latent-rubber benchmark state seeded with the `plantation_core` tropical plantation profile; effective hectares per cap are held on the v3 latent-rubber denominator.,Victoria 3 vanilla state_regions rubber benchmark,,STATE_CONGO_ORIENTALE latent rubber cap = 52 in the shipped vanilla state file.,Comparator profile rationale,,Profile `plantation_core` distributes effective rubber hectares across high/moderate/marginal plantation suitability rather than treating vanilla cap as direct estate area.
Congo Orientale,STATE_CONGO_ORIENTALE,1936,unsuitable_or_noncommercial,0.0,0.0,0.0,52.0,Rubber comparator capacity is benchmarked as potential effective commercial plantation land rather than GDP-selected realized latex output.,Vanilla latent-rubber benchmark state seeded with the `plantation_core` tropical plantation profile; effective hectares per cap are held on the v3 latent-rubber denominator.,Victoria 3 vanilla state_regions rubber benchmark,,STATE_CONGO_ORIENTALE latent rubber cap = 52 in the shipped vanilla state file.,Comparator profile rationale,,Profile `plantation_core` distributes effective rubber hectares across high/moderate/marginal plantation suitability rather than treating vanilla cap as direct estate area.
Equateur,STATE_EQUATEUR,1936,high_suitability_plantation,225000.0,1.0,225000.0,30.0,Rubber comparator capacity is benchmarked as potential effective commercial plantation land rather than GDP-selected realized latex output.,Vanilla latent-rubber benchmark state seeded with the `plantation_core` tropical plantation profile; effective hectares per cap are held on the v3 latent-rubber denominator.,Victoria 3 vanilla state_regions rubber benchmark,,STATE_EQUATEUR latent rubber cap = 30 in the shipped vanilla state file.,Comparator profile rationale,,Profile `plantation_core` distributes effective rubber hectares across high/moderate/marginal plantation suitability rather than treating vanilla cap as direct estate area.
Equateur,STATE_EQUATEUR,1936,moderate_suitability_plantation,112500.0,0.6,67500.0,30.0,Rubber comparator capacity is benchmarked as potential effective commercial plantation land rather than GDP-selected realized latex output.,Vanilla latent-rubber benchmark state seeded with the `plantation_core` tropical plantation profile; effective hectares per cap are held on the v3 latent-rubber denominator.,Victoria 3 vanilla state_regions rubber benchmark,,STATE_EQUATEUR latent rubber cap = 30 in the shipped vanilla state file.,Comparator profile rationale,,Profile `plantation_core` distributes effective rubber hectares across high/moderate/marginal plantation suitability rather than treating vanilla cap as direct estate area.
Equateur,STATE_EQUATEUR,1936,marginal_suitability_plantation,37500.0,0.2,7500.0,30.0,Rubber comparator capacity is benchmarked as potential effective commercial plantation land rather than GDP-selected realized latex output.,Vanilla latent-rubber benchmark state seeded with the `plantation_core` tropical plantation profile; effective hectares per cap are held on the v3 latent-rubber denominator.,Victoria 3 vanilla state_regions rubber benchmark,,STATE_EQUATEUR latent rubber cap = 30 in the shipped vanilla state file.,Comparator profile rationale,,Profile `plantation_core` distributes effective rubber hectares across high/moderate/marginal plantation suitability rather than treating vanilla cap as direct estate area.
Equateur,STATE_EQUATEUR,1936,unsuitable_or_noncommercial,0.0,0.0,0.0,30.0,Rubber comparator capacity is benchmarked as potential effective commercial plantation land rather than GDP-selected realized latex output.,Vanilla latent-rubber benchmark state seeded with the `plantation_core` tropical plantation profile; effective hectares per cap are held on the v3 latent-rubber denominator.,Victoria 3 vanilla state_regions rubber benchmark,,STATE_EQUATEUR latent rubber cap = 30 in the shipped vanilla state file.,Comparator profile rationale,,Profile `plantation_core` distributes effective rubber hectares across high/moderate/marginal plantation suitability rather than treating vanilla cap as direct estate area.
North Angola,STATE_NORTH_ANGOLA,1936,high_suitability_plantation,129411.76470588235,1.0,129411.76470588235,22.0,Rubber comparator capacity is benchmarked as potential effective commercial plantation land rather than GDP-selected realized latex output.,Vanilla latent-rubber benchmark state seeded with the `mixed_tropical` tropical plantation profile; effective hectares per cap are held on the v3 latent-rubber denominator.,Victoria 3 vanilla state_regions rubber benchmark,,STATE_NORTH_ANGOLA latent rubber cap = 22 in the shipped vanilla state file.,Comparator profile rationale,,Profile `mixed_tropical` distributes effective rubber hectares across high/moderate/marginal plantation suitability rather than treating vanilla cap as direct estate area.
North Angola,STATE_NORTH_ANGOLA,1936,moderate_suitability_plantation,129411.76470588235,0.6,77647.05882352941,22.0,Rubber comparator capacity is benchmarked as potential effective commercial plantation land rather than GDP-selected realized latex output.,Vanilla latent-rubber benchmark state seeded with the `mixed_tropical` tropical plantation profile; effective hectares per cap are held on the v3 latent-rubber denominator.,Victoria 3 vanilla state_regions rubber benchmark,,STATE_NORTH_ANGOLA latent rubber cap = 22 in the shipped vanilla state file.,Comparator profile rationale,,Profile `mixed_tropical` distributes effective rubber hectares across high/moderate/marginal plantation suitability rather than treating vanilla cap as direct estate area.
North Angola,STATE_NORTH_ANGOLA,1936,marginal_suitability_plantation,64705.882352941175,0.2,12941.176470588236,22.0,Rubber comparator capacity is benchmarked as potential effective commercial plantation land rather than GDP-selected realized latex output.,Vanilla latent-rubber benchmark state seeded with the `mixed_tropical` tropical plantation profile; effective hectares per cap are held on the v3 latent-rubber denominator.,Victoria 3 vanilla state_regions rubber benchmark,,STATE_NORTH_ANGOLA latent rubber cap = 22 in the shipped vanilla state file.,Comparator profile rationale,,Profile `mixed_tropical` distributes effective rubber hectares across high/moderate/marginal plantation suitability rather than treating vanilla cap as direct estate area.
North Angola,STATE_NORTH_ANGOLA,1936,unsuitable_or_noncommercial,0.0,0.0,0.0,22.0,Rubber comparator capacity is benchmarked as potential effective commercial plantation land rather than GDP-selected realized latex output.,Vanilla latent-rubber benchmark state seeded with the `mixed_tropical` tropical plantation profile; effective hectares per cap are held on the v3 latent-rubber denominator.,Victoria 3 vanilla state_regions rubber benchmark,,STATE_NORTH_ANGOLA latent rubber cap = 22 in the shipped vanilla state file.,Comparator profile rationale,,Profile `mixed_tropical` distributes effective rubber hectares across high/moderate/marginal plantation suitability rather than treating vanilla cap as direct estate area.
Gold Coast,STATE_GOLD_COAST,1936,high_suitability_plantation,129411.76470588235,1.0,129411.76470588235,22.0,Rubber comparator capacity is benchmarked as potential effective commercial plantation land rather than GDP-selected realized latex output.,Vanilla latent-rubber benchmark state seeded with the `mixed_tropical` tropical plantation profile; effective hectares per cap are held on the v3 latent-rubber denominator.,Victoria 3 vanilla state_regions rubber benchmark,,STATE_GOLD_COAST latent rubber cap = 22 in the shipped vanilla state file.,Comparator profile rationale,,Profile `mixed_tropical` distributes effective rubber hectares across high/moderate/marginal plantation suitability rather than treating vanilla cap as direct estate area.
Gold Coast,STATE_GOLD_COAST,1936,moderate_suitability_plantation,129411.76470588235,0.6,77647.05882352941,22.0,Rubber comparator capacity is benchmarked as potential effective commercial plantation land rather than GDP-selected realized latex output.,Vanilla latent-rubber benchmark state seeded with the `mixed_tropical` tropical plantation profile; effective hectares per cap are held on the v3 latent-rubber denominator.,Victoria 3 vanilla state_regions rubber benchmark,,STATE_GOLD_COAST latent rubber cap = 22 in the shipped vanilla state file.,Comparator profile rationale,,Profile `mixed_tropical` distributes effective rubber hectares across high/moderate/marginal plantation suitability rather than treating vanilla cap as direct estate area.
Gold Coast,STATE_GOLD_COAST,1936,marginal_suitability_plantation,64705.882352941175,0.2,12941.176470588236,22.0,Rubber comparator capacity is benchmarked as potential effective commercial plantation land rather than GDP-selected realized latex output.,Vanilla latent-rubber benchmark state seeded with the `mixed_tropical` tropical plantation profile; effective hectares per cap are held on the v3 latent-rubber denominator.,Victoria 3 vanilla state_regions rubber benchmark,,STATE_GOLD_COAST latent rubber cap = 22 in the shipped vanilla state file.,Comparator profile rationale,,Profile `mixed_tropical` distributes effective rubber hectares across high/moderate/marginal plantation suitability rather than treating vanilla cap as direct estate area.
Gold Coast,STATE_GOLD_COAST,1936,unsuitable_or_noncommercial,0.0,0.0,0.0,22.0,Rubber comparator capacity is benchmarked as potential effective commercial plantation land rather than GDP-selected realized latex output.,Vanilla latent-rubber benchmark state seeded with the `mixed_tropical` tropical plantation profile; effective hectares per cap are held on the v3 latent-rubber denominator.,Victoria 3 vanilla state_regions rubber benchmark,,STATE_GOLD_COAST latent rubber cap = 22 in the shipped vanilla state file.,Comparator profile rationale,,Profile `mixed_tropical` distributes effective rubber hectares across high/moderate/marginal plantation suitability rather than treating vanilla cap as direct estate area.
Guinea,STATE_GUINEA,1936,high_suitability_plantation,164705.88235294117,1.0,164705.88235294117,28.0,Rubber comparator capacity is benchmarked as potential effective commercial plantation land rather than GDP-selected realized latex output.,Vanilla latent-rubber benchmark state seeded with the `mixed_tropical` tropical plantation profile; effective hectares per cap are held on the v3 latent-rubber denominator.,Victoria 3 vanilla state_regions rubber benchmark,,STATE_GUINEA latent rubber cap = 28 in the shipped vanilla state file.,Comparator profile rationale,,Profile `mixed_tropical` distributes effective rubber hectares across high/moderate/marginal plantation suitability rather than treating vanilla cap as direct estate area.
Guinea,STATE_GUINEA,1936,moderate_suitability_plantation,164705.88235294117,0.6,98823.5294117647,28.0,Rubber comparator capacity is benchmarked as potential effective commercial plantation land rather than GDP-selected realized latex output.,Vanilla latent-rubber benchmark state seeded with the `mixed_tropical` tropical plantation profile; effective hectares per cap are held on the v3 latent-rubber denominator.,Victoria 3 vanilla state_regions rubber benchmark,,STATE_GUINEA latent rubber cap = 28 in the shipped vanilla state file.,Comparator profile rationale,,Profile `mixed_tropical` distributes effective rubber hectares across high/moderate/marginal plantation suitability rather than treating vanilla cap as direct estate area.
Guinea,STATE_GUINEA,1936,marginal_suitability_plantation,82352.94117647059,0.2,16470.58823529412,28.0,Rubber comparator capacity is benchmarked as potential effective commercial plantation land rather than GDP-selected realized latex output.,Vanilla latent-rubber benchmark state seeded with the `mixed_tropical` tropical plantation profile; effective hectares per cap are held on the v3 latent-rubber denominator.,Victoria 3 vanilla state_regions rubber benchmark,,STATE_GUINEA latent rubber cap = 28 in the shipped vanilla state file.,Comparator profile rationale,,Profile `mixed_tropical` distributes effective rubber hectares across high/moderate/marginal plantation suitability rather than treating vanilla cap as direct estate area.
Guinea,STATE_GUINEA,1936,unsuitable_or_noncommercial,0.0,0.0,0.0,28.0,Rubber comparator capacity is benchmarked as potential effective commercial plantation land rather than GDP-selected realized latex output.,Vanilla latent-rubber benchmark state seeded with the `mixed_tropical` tropical plantation profile; effective hectares per cap are held on the v3 latent-rubber denominator.,Victoria 3 vanilla state_regions rubber benchmark,,STATE_GUINEA latent rubber cap = 28 in the shipped vanilla state file.,Comparator profile rationale,,Profile `mixed_tropical` distributes effective rubber hectares across high/moderate/marginal plantation suitability rather than treating vanilla cap as direct estate area.
Sierra Leone,STATE_SIERRA_LEONE,1936,high_suitability_plantation,164705.88235294117,1.0,164705.88235294117,28.0,Rubber comparator capacity is benchmarked as potential effective commercial plantation land rather than GDP-selected realized latex output.,Vanilla latent-rubber benchmark state seeded with the `mixed_tropical` tropical plantation profile; effective hectares per cap are held on the v3 latent-rubber denominator.,Victoria 3 vanilla state_regions rubber benchmark,,STATE_SIERRA_LEONE latent rubber cap = 28 in the shipped vanilla state file.,Comparator profile rationale,,Profile `mixed_tropical` distributes effective rubber hectares across high/moderate/marginal plantation suitability rather than treating vanilla cap as direct estate area.
Sierra Leone,STATE_SIERRA_LEONE,1936,moderate_suitability_plantation,164705.88235294117,0.6,98823.5294117647,28.0,Rubber comparator capacity is benchmarked as potential effective commercial plantation land rather than GDP-selected realized latex output.,Vanilla latent-rubber benchmark state seeded with the `mixed_tropical` tropical plantation profile; effective hectares per cap are held on the v3 latent-rubber denominator.,Victoria 3 vanilla state_regions rubber benchmark,,STATE_SIERRA_LEONE latent rubber cap = 28 in the shipped vanilla state file.,Comparator profile rationale,,Profile `mixed_tropical` distributes effective rubber hectares across high/moderate/marginal plantation suitability rather than treating vanilla cap as direct estate area.
Sierra Leone,STATE_SIERRA_LEONE,1936,marginal_suitability_plantation,82352.94117647059,0.2,16470.58823529412,28.0,Rubber comparator capacity is benchmarked as potential effective commercial plantation land rather than GDP-selected realized latex output.,Vanilla latent-rubber benchmark state seeded with the `mixed_tropical` tropical plantation profile; effective hectares per cap are held on the v3 latent-rubber denominator.,Victoria 3 vanilla state_regions rubber benchmark,,STATE_SIERRA_LEONE latent rubber cap = 28 in the shipped vanilla state file.,Comparator profile rationale,,Profile `mixed_tropical` distributes effective rubber hectares across high/moderate/marginal plantation suitability rather than treating vanilla cap as direct estate area.
Sierra Leone,STATE_SIERRA_LEONE,1936,unsuitable_or_noncommercial,0.0,0.0,0.0,28.0,Rubber comparator capacity is benchmarked as potential effective commercial plantation land rather than GDP-selected realized latex output.,Vanilla latent-rubber benchmark state seeded with the `mixed_tropical` tropical plantation profile; effective hectares per cap are held on the v3 latent-rubber denominator.,Victoria 3 vanilla state_regions rubber benchmark,,STATE_SIERRA_LEONE latent rubber cap = 28 in the shipped vanilla state file.,Comparator profile rationale,,Profile `mixed_tropical` distributes effective rubber hectares across high/moderate/marginal plantation suitability rather than treating vanilla cap as direct estate area.
Liberia,STATE_LIBERIA,1936,high_suitability_plantation,117647.0588235294,1.0,117647.0588235294,20.0,Rubber comparator capacity is benchmarked as potential effective commercial plantation land rather than GDP-selected realized latex output.,Vanilla latent-rubber benchmark state seeded with the `mixed_tropical` tropical plantation profile; effective hectares per cap are held on the v3 latent-rubber denominator.,Victoria 3 vanilla state_regions rubber benchmark,,STATE_LIBERIA latent rubber cap = 20 in the shipped vanilla state file.,Comparator profile rationale,,Profile `mixed_tropical` distributes effective rubber hectares across high/moderate/marginal plantation suitability rather than treating vanilla cap as direct estate area.
Liberia,STATE_LIBERIA,1936,moderate_suitability_plantation,117647.0588235294,0.6,70588.23529411764,20.0,Rubber comparator capacity is benchmarked as potential effective commercial plantation land rather than GDP-selected realized latex output.,Vanilla latent-rubber benchmark state seeded with the `mixed_tropical` tropical plantation profile; effective hectares per cap are held on the v3 latent-rubber denominator.,Victoria 3 vanilla state_regions rubber benchmark,,STATE_LIBERIA latent rubber cap = 20 in the shipped vanilla state file.,Comparator profile rationale,,Profile `mixed_tropical` distributes effective rubber hectares across high/moderate/marginal plantation suitability rather than treating vanilla cap as direct estate area.
Liberia,STATE_LIBERIA,1936,marginal_suitability_plantation,58823.5294117647,0.2,11764.70588235294,20.0,Rubber comparator capacity is benchmarked as potential effective commercial plantation land rather than GDP-selected realized latex output.,Vanilla latent-rubber benchmark state seeded with the `mixed_tropical` tropical plantation profile; effective hectares per cap are held on the v3 latent-rubber denominator.,Victoria 3 vanilla state_regions rubber benchmark,,STATE_LIBERIA latent rubber cap = 20 in the shipped vanilla state file.,Comparator profile rationale,,Profile `mixed_tropical` distributes effective rubber hectares across high/moderate/marginal plantation suitability rather than treating vanilla cap as direct estate area.
Liberia,STATE_LIBERIA,1936,unsuitable_or_noncommercial,0.0,0.0,0.0,20.0,Rubber comparator capacity is benchmarked as potential effective commercial plantation land rather than GDP-selected realized latex output.,Vanilla latent-rubber benchmark state seeded with the `mixed_tropical` tropical plantation profile; effective hectares per cap are held on the v3 latent-rubber denominator.,Victoria 3 vanilla state_regions rubber benchmark,,STATE_LIBERIA latent rubber cap = 20 in the shipped vanilla state file.,Comparator profile rationale,,Profile `mixed_tropical` distributes effective rubber hectares across high/moderate/marginal plantation suitability rather than treating vanilla cap as direct estate area.
Windward Coast,STATE_WINDWARD_COAST,1936,high_suitability_plantation,129411.76470588235,1.0,129411.76470588235,22.0,Rubber comparator capacity is benchmarked as potential effective commercial plantation land rather than GDP-selected realized latex output.,Vanilla latent-rubber benchmark state seeded with the `mixed_tropical` tropical plantation profile; effective hectares per cap are held on the v3 latent-rubber denominator.,Victoria 3 vanilla state_regions rubber benchmark,,STATE_WINDWARD_COAST latent rubber cap = 22 in the shipped vanilla state file.,Comparator profile rationale,,Profile `mixed_tropical` distributes effective rubber hectares across high/moderate/marginal plantation suitability rather than treating vanilla cap as direct estate area.
Windward Coast,STATE_WINDWARD_COAST,1936,moderate_suitability_plantation,129411.76470588235,0.6,77647.05882352941,22.0,Rubber comparator capacity is benchmarked as potential effective commercial plantation land rather than GDP-selected realized latex output.,Vanilla latent-rubber benchmark state seeded with the `mixed_tropical` tropical plantation profile; effective hectares per cap are held on the v3 latent-rubber denominator.,Victoria 3 vanilla state_regions rubber benchmark,,STATE_WINDWARD_COAST latent rubber cap = 22 in the shipped vanilla state file.,Comparator profile rationale,,Profile `mixed_tropical` distributes effective rubber hectares across high/moderate/marginal plantation suitability rather than treating vanilla cap as direct estate area.
Windward Coast,STATE_WINDWARD_COAST,1936,marginal_suitability_plantation,64705.882352941175,0.2,12941.176470588236,22.0,Rubber comparator capacity is benchmarked as potential effective commercial plantation land rather than GDP-selected realized latex output.,Vanilla latent-rubber benchmark state seeded with the `mixed_tropical` tropical plantation profile; effective hectares per cap are held on the v3 latent-rubber denominator.,Victoria 3 vanilla state_regions rubber benchmark,,STATE_WINDWARD_COAST latent rubber cap = 22 in the shipped vanilla state file.,Comparator profile rationale,,Profile `mixed_tropical` distributes effective rubber hectares across high/moderate/marginal plantation suitability rather than treating vanilla cap as direct estate area.
Windward Coast,STATE_WINDWARD_COAST,1936,unsuitable_or_noncommercial,0.0,0.0,0.0,22.0,Rubber comparator capacity is benchmarked as potential effective commercial plantation land rather than GDP-selected realized latex output.,Vanilla latent-rubber benchmark state seeded with the `mixed_tropical` tropical plantation profile; effective hectares per cap are held on the v3 latent-rubber denominator.,Victoria 3 vanilla state_regions rubber benchmark,,STATE_WINDWARD_COAST latent rubber cap = 22 in the shipped vanilla state file.,Comparator profile rationale,,Profile `mixed_tropical` distributes effective rubber hectares across high/moderate/marginal plantation suitability rather than treating vanilla cap as direct estate area.
Niger Delta,STATE_NIGER_DELTA,1936,high_suitability_plantation,129411.76470588235,1.0,129411.76470588235,22.0,Rubber comparator capacity is benchmarked as potential effective commercial plantation land rather than GDP-selected realized latex output.,Vanilla latent-rubber benchmark state seeded with the `mixed_tropical` tropical plantation profile; effective hectares per cap are held on the v3 latent-rubber denominator.,Victoria 3 vanilla state_regions rubber benchmark,,STATE_NIGER_DELTA latent rubber cap = 22 in the shipped vanilla state file.,Comparator profile rationale,,Profile `mixed_tropical` distributes effective rubber hectares across high/moderate/marginal plantation suitability rather than treating vanilla cap as direct estate area.
Niger Delta,STATE_NIGER_DELTA,1936,moderate_suitability_plantation,129411.76470588235,0.6,77647.05882352941,22.0,Rubber comparator capacity is benchmarked as potential effective commercial plantation land rather than GDP-selected realized latex output.,Vanilla latent-rubber benchmark state seeded with the `mixed_tropical` tropical plantation profile; effective hectares per cap are held on the v3 latent-rubber denominator.,Victoria 3 vanilla state_regions rubber benchmark,,STATE_NIGER_DELTA latent rubber cap = 22 in the shipped vanilla state file.,Comparator profile rationale,,Profile `mixed_tropical` distributes effective rubber hectares across high/moderate/marginal plantation suitability rather than treating vanilla cap as direct estate area.
Niger Delta,STATE_NIGER_DELTA,1936,marginal_suitability_plantation,64705.882352941175,0.2,12941.176470588236,22.0,Rubber comparator capacity is benchmarked as potential effective commercial plantation land rather than GDP-selected realized latex output.,Vanilla latent-rubber benchmark state seeded with the `mixed_tropical` tropical plantation profile; effective hectares per cap are held on the v3 latent-rubber denominator.,Victoria 3 vanilla state_regions rubber benchmark,,STATE_NIGER_DELTA latent rubber cap = 22 in the shipped vanilla state file.,Comparator profile rationale,,Profile `mixed_tropical` distributes effective rubber hectares across high/moderate/marginal plantation suitability rather than treating vanilla cap as direct estate area.
Niger Delta,STATE_NIGER_DELTA,1936,unsuitable_or_noncommercial,0.0,0.0,0.0,22.0,Rubber comparator capacity is benchmarked as potential effective commercial plantation land rather than GDP-selected realized latex output.,Vanilla latent-rubber benchmark state seeded with the `mixed_tropical` tropical plantation profile; effective hectares per cap are held on the v3 latent-rubber denominator.,Victoria 3 vanilla state_regions rubber benchmark,,STATE_NIGER_DELTA latent rubber cap = 22 in the shipped vanilla state file.,Comparator profile rationale,,Profile `mixed_tropical` distributes effective rubber hectares across high/moderate/marginal plantation suitability rather than treating vanilla cap as direct estate area.
Nigeria,STATE_NIGERIA,1936,high_suitability_plantation,141176.47058823527,1.0,141176.47058823527,24.0,Rubber comparator capacity is benchmarked as potential effective commercial plantation land rather than GDP-selected realized latex output.,Vanilla latent-rubber benchmark state seeded with the `mixed_tropical` tropical plantation profile; effective hectares per cap are held on the v3 latent-rubber denominator.,Victoria 3 vanilla state_regions rubber benchmark,,STATE_NIGERIA latent rubber cap = 24 in the shipped vanilla state file.,Comparator profile rationale,,Profile `mixed_tropical` distributes effective rubber hectares across high/moderate/marginal plantation suitability rather than treating vanilla cap as direct estate area.
Nigeria,STATE_NIGERIA,1936,moderate_suitability_plantation,141176.47058823527,0.6,84705.88235294116,24.0,Rubber comparator capacity is benchmarked as potential effective commercial plantation land rather than GDP-selected realized latex output.,Vanilla latent-rubber benchmark state seeded with the `mixed_tropical` tropical plantation profile; effective hectares per cap are held on the v3 latent-rubber denominator.,Victoria 3 vanilla state_regions rubber benchmark,,STATE_NIGERIA latent rubber cap = 24 in the shipped vanilla state file.,Comparator profile rationale,,Profile `mixed_tropical` distributes effective rubber hectares across high/moderate/marginal plantation suitability rather than treating vanilla cap as direct estate area.
Nigeria,STATE_NIGERIA,1936,marginal_suitability_plantation,70588.23529411764,0.2,14117.647058823528,24.0,Rubber comparator capacity is benchmarked as potential effective commercial plantation land rather than GDP-selected realized latex output.,Vanilla latent-rubber benchmark state seeded with the `mixed_tropical` tropical plantation profile; effective hectares per cap are held on the v3 latent-rubber denominator.,Victoria 3 vanilla state_regions rubber benchmark,,STATE_NIGERIA latent rubber cap = 24 in the shipped vanilla state file.,Comparator profile rationale,,Profile `mixed_tropical` distributes effective rubber hectares across high/moderate/marginal plantation suitability rather than treating vanilla cap as direct estate area.
Nigeria,STATE_NIGERIA,1936,unsuitable_or_noncommercial,0.0,0.0,0.0,24.0,Rubber comparator capacity is benchmarked as potential effective commercial plantation land rather than GDP-selected realized latex output.,Vanilla latent-rubber benchmark state seeded with the `mixed_tropical` tropical plantation profile; effective hectares per cap are held on the v3 latent-rubber denominator.,Victoria 3 vanilla state_regions rubber benchmark,,STATE_NIGERIA latent rubber cap = 24 in the shipped vanilla state file.,Comparator profile rationale,,Profile `mixed_tropical` distributes effective rubber hectares across high/moderate/marginal plantation suitability rather than treating vanilla cap as direct estate area.
Togo,STATE_TOGO,1936,high_suitability_plantation,117647.0588235294,1.0,117647.0588235294,20.0,Rubber comparator capacity is benchmarked as potential effective commercial plantation land rather than GDP-selected realized latex output.,Vanilla latent-rubber benchmark state seeded with the `mixed_tropical` tropical plantation profile; effective hectares per cap are held on the v3 latent-rubber denominator.,Victoria 3 vanilla state_regions rubber benchmark,,STATE_TOGO latent rubber cap = 20 in the shipped vanilla state file.,Comparator profile rationale,,Profile `mixed_tropical` distributes effective rubber hectares across high/moderate/marginal plantation suitability rather than treating vanilla cap as direct estate area.
Togo,STATE_TOGO,1936,moderate_suitability_plantation,117647.0588235294,0.6,70588.23529411764,20.0,Rubber comparator capacity is benchmarked as potential effective commercial plantation land rather than GDP-selected realized latex output.,Vanilla latent-rubber benchmark state seeded with the `mixed_tropical` tropical plantation profile; effective hectares per cap are held on the v3 latent-rubber denominator.,Victoria 3 vanilla state_regions rubber benchmark,,STATE_TOGO latent rubber cap = 20 in the shipped vanilla state file.,Comparator profile rationale,,Profile `mixed_tropical` distributes effective rubber hectares across high/moderate/marginal plantation suitability rather than treating vanilla cap as direct estate area.
Togo,STATE_TOGO,1936,marginal_suitability_plantation,58823.5294117647,0.2,11764.70588235294,20.0,Rubber comparator capacity is benchmarked as potential effective commercial plantation land rather than GDP-selected realized latex output.,Vanilla latent-rubber benchmark state seeded with the `mixed_tropical` tropical plantation profile; effective hectares per cap are held on the v3 latent-rubber denominator.,Victoria 3 vanilla state_regions rubber benchmark,,STATE_TOGO latent rubber cap = 20 in the shipped vanilla state file.,Comparator profile rationale,,Profile `mixed_tropical` distributes effective rubber hectares across high/moderate/marginal plantation suitability rather than treating vanilla cap as direct estate area.
Togo,STATE_TOGO,1936,unsuitable_or_noncommercial,0.0,0.0,0.0,20.0,Rubber comparator capacity is benchmarked as potential effective commercial plantation land rather than GDP-selected realized latex output.,Vanilla latent-rubber benchmark state seeded with the `mixed_tropical` tropical plantation profile; effective hectares per cap are held on the v3 latent-rubber denominator.,Victoria 3 vanilla state_regions rubber benchmark,,STATE_TOGO latent rubber cap = 20 in the shipped vanilla state file.,Comparator profile rationale,,Profile `mixed_tropical` distributes effective rubber hectares across high/moderate/marginal plantation suitability rather than treating vanilla cap as direct estate area.
