family,year,quantity,unit,source_title,source_url,locator
Managed Forestry Area,1950,1,ha managed forestry,Managed forestry capacity index anchor,,Flat area-based forestry family: managed forestry area is treated as a direct capacity stock and therefore uses a constant index to 1950.
Coal Mine,1930,1390000000.0,t output,Statistical Summary of the Mineral Industry 1930-1932,https://nora.nerc.ac.uk/id/eprint/535282/1/SS_1930_1932.pdf,"Coal table, 1930 world total = 1,390,000,000 long tons, converted to the published annual world series anchor."
Coal Mine,1931,1240000000.0,t output,Statistical Summary of the Mineral Industry 1930-1932,https://nora.nerc.ac.uk/id/eprint/535282/1/SS_1930_1932.pdf,"Coal table, 1931 world total."
Coal Mine,1932,1110000000.0,t output,Statistical Summary of the Mineral Industry 1930-1932,https://nora.nerc.ac.uk/id/eprint/535282/1/SS_1930_1932.pdf,"Coal table, 1932 world total."
Coal Mine,1935,1310000000.0,t output,Statistical Summary of the Mineral Industry 1935-1937,https://nora.nerc.ac.uk/id/eprint/535283/1/SS_1935_1937.pdf,"Coal table, 1935 world total."
Coal Mine,1936,1420000000.0,t output,Statistical Summary of the Mineral Industry 1935-1937,https://nora.nerc.ac.uk/id/eprint/535283/1/SS_1935_1937.pdf,"Coal table, 1936 world total."
Coal Mine,1937,1510000000.0,t output,Statistical Summary of the Mineral Industry 1935-1937,https://nora.nerc.ac.uk/id/eprint/535283/1/SS_1935_1937.pdf,"Coal table, 1937 world total."
Coal Mine,1945,1324000000.0,t output,Statistical Summary of the Mineral Industry 1945-1951,https://nora.nerc.ac.uk/id/eprint/535285/1/SS_1945_1951.pdf,"Coal table, 1945 world total."
Coal Mine,1946,1445000000.0,t output,Statistical Summary of the Mineral Industry 1945-1951,https://nora.nerc.ac.uk/id/eprint/535285/1/SS_1945_1951.pdf,"Coal table, 1946 world total."
Coal Mine,1947,1622000000.0,t output,Statistical Summary of the Mineral Industry 1945-1951,https://nora.nerc.ac.uk/id/eprint/535285/1/SS_1945_1951.pdf,"Coal table, 1947 world total."
Coal Mine,1950,1792000000.0,t output,Statistical Summary of the Mineral Industry 1950-1955,https://nora.nerc.ac.uk/id/eprint/535280/1/SS_1950_1955.pdf,"Coal table, 1950 world total."
Coal Mine,1951,1900000000.0,t output,Statistical Summary of the Mineral Industry 1950-1955,https://nora.nerc.ac.uk/id/eprint/535280/1/SS_1950_1955.pdf,"Coal table, 1951 world total."
Coal Mine,1952,1900000000.0,t output,Statistical Summary of the Mineral Industry 1950-1955,https://nora.nerc.ac.uk/id/eprint/535280/1/SS_1950_1955.pdf,"Coal table, 1952 world total."
Coal Mine,1953,1926000000.0,t output,Statistical Summary of the Mineral Industry 1950-1955,https://nora.nerc.ac.uk/id/eprint/535280/1/SS_1950_1955.pdf,"Coal table, 1953 world total."
Coal Mine,1954,1941000000.0,t output,Statistical Summary of the Mineral Industry 1950-1955,https://nora.nerc.ac.uk/id/eprint/535280/1/SS_1950_1955.pdf,"Coal table, 1954 world total."
Coal Mine,1955,2102000000.0,t output,Statistical Summary of the Mineral Industry 1950-1955,https://nora.nerc.ac.uk/id/eprint/535280/1/SS_1950_1955.pdf,"Coal table, 1955 world total."
Coal Mine,2019,7748825405.0,t output,World Mining Data 2025,https://www.world-mining-data.info/wmd/downloads/PDF/WMD2025.pdf,"Coal Tot table, 2019 world total."
Coal Mine,2020,7400520408.0,t output,World Mining Data 2025,https://www.world-mining-data.info/wmd/downloads/PDF/WMD2025.pdf,"Coal Tot table, 2020 world total."
Coal Mine,2021,7786779490.0,t output,World Mining Data 2025,https://www.world-mining-data.info/wmd/downloads/PDF/WMD2025.pdf,"Coal Tot table, 2021 world total."
Coal Mine,2022,8493734052.0,t output,World Mining Data 2025,https://www.world-mining-data.info/wmd/downloads/PDF/WMD2025.pdf,"Coal Tot table, 2022 world total."
Coal Mine,2023,8727852902.0,t output,World Mining Data 2025,https://www.world-mining-data.info/wmd/downloads/PDF/WMD2025.pdf,"Coal Tot table, 2023 world total."
Fisheries / Marine,1950,19300000,t output,Review of the state of world marine fishery resources,https://www.fao.org/4/i2389e/i2389e01.pdf,"Global overview, profile of catches: total world fish production was 19.3 million tonnes in 1950; aquaculture was still marginal, so this is used as the capture-economy base anchor."
Fisheries / Marine,1960,31603820.01,t output,World Bank indicator ER.FSH.CAPT.MT (source: FAO Fisheries and Aquaculture Department),https://api.worldbank.org/v2/country/WLD/indicator/ER.FSH.CAPT.MT?format=json&per_page=200,"World capture fisheries production, year 1960."
Fisheries / Marine,1961,35242623.0,t output,World Bank indicator ER.FSH.CAPT.MT (source: FAO Fisheries and Aquaculture Department),https://api.worldbank.org/v2/country/WLD/indicator/ER.FSH.CAPT.MT?format=json&per_page=200,"World capture fisheries production, year 1961."
Fisheries / Marine,1962,38260911.0,t output,World Bank indicator ER.FSH.CAPT.MT (source: FAO Fisheries and Aquaculture Department),https://api.worldbank.org/v2/country/WLD/indicator/ER.FSH.CAPT.MT?format=json&per_page=200,"World capture fisheries production, year 1962."
Fisheries / Marine,1963,38863197.1,t output,World Bank indicator ER.FSH.CAPT.MT (source: FAO Fisheries and Aquaculture Department),https://api.worldbank.org/v2/country/WLD/indicator/ER.FSH.CAPT.MT?format=json&per_page=200,"World capture fisheries production, year 1963."
Fisheries / Marine,1964,42900257.1,t output,World Bank indicator ER.FSH.CAPT.MT (source: FAO Fisheries and Aquaculture Department),https://api.worldbank.org/v2/country/WLD/indicator/ER.FSH.CAPT.MT?format=json&per_page=200,"World capture fisheries production, year 1964."
Fisheries / Marine,1965,43331452.4,t output,World Bank indicator ER.FSH.CAPT.MT (source: FAO Fisheries and Aquaculture Department),https://api.worldbank.org/v2/country/WLD/indicator/ER.FSH.CAPT.MT?format=json&per_page=200,"World capture fisheries production, year 1965."
Fisheries / Marine,1966,47033379.81,t output,World Bank indicator ER.FSH.CAPT.MT (source: FAO Fisheries and Aquaculture Department),https://api.worldbank.org/v2/country/WLD/indicator/ER.FSH.CAPT.MT?format=json&per_page=200,"World capture fisheries production, year 1966."
Fisheries / Marine,1967,50024444.0,t output,World Bank indicator ER.FSH.CAPT.MT (source: FAO Fisheries and Aquaculture Department),https://api.worldbank.org/v2/country/WLD/indicator/ER.FSH.CAPT.MT?format=json&per_page=200,"World capture fisheries production, year 1967."
Fisheries / Marine,1968,52974570.0,t output,World Bank indicator ER.FSH.CAPT.MT (source: FAO Fisheries and Aquaculture Department),https://api.worldbank.org/v2/country/WLD/indicator/ER.FSH.CAPT.MT?format=json&per_page=200,"World capture fisheries production, year 1968."
Fisheries / Marine,1969,51023009.0,t output,World Bank indicator ER.FSH.CAPT.MT (source: FAO Fisheries and Aquaculture Department),https://api.worldbank.org/v2/country/WLD/indicator/ER.FSH.CAPT.MT?format=json&per_page=200,"World capture fisheries production, year 1969."
Fisheries / Marine,1970,56084158.0,t output,World Bank indicator ER.FSH.CAPT.MT (source: FAO Fisheries and Aquaculture Department),https://api.worldbank.org/v2/country/WLD/indicator/ER.FSH.CAPT.MT?format=json&per_page=200,"World capture fisheries production, year 1970."
Fisheries / Marine,1971,56190637.0,t output,World Bank indicator ER.FSH.CAPT.MT (source: FAO Fisheries and Aquaculture Department),https://api.worldbank.org/v2/country/WLD/indicator/ER.FSH.CAPT.MT?format=json&per_page=200,"World capture fisheries production, year 1971."
Fisheries / Marine,1972,51364110.0,t output,World Bank indicator ER.FSH.CAPT.MT (source: FAO Fisheries and Aquaculture Department),https://api.worldbank.org/v2/country/WLD/indicator/ER.FSH.CAPT.MT?format=json&per_page=200,"World capture fisheries production, year 1972."
Fisheries / Marine,1973,51026298.0,t output,World Bank indicator ER.FSH.CAPT.MT (source: FAO Fisheries and Aquaculture Department),https://api.worldbank.org/v2/country/WLD/indicator/ER.FSH.CAPT.MT?format=json&per_page=200,"World capture fisheries production, year 1973."
Fisheries / Marine,1974,53884233.0,t output,World Bank indicator ER.FSH.CAPT.MT (source: FAO Fisheries and Aquaculture Department),https://api.worldbank.org/v2/country/WLD/indicator/ER.FSH.CAPT.MT?format=json&per_page=200,"World capture fisheries production, year 1974."
Fisheries / Marine,1975,52471059.0,t output,World Bank indicator ER.FSH.CAPT.MT (source: FAO Fisheries and Aquaculture Department),https://api.worldbank.org/v2/country/WLD/indicator/ER.FSH.CAPT.MT?format=json&per_page=200,"World capture fisheries production, year 1975."
Fisheries / Marine,1976,55749796.0,t output,World Bank indicator ER.FSH.CAPT.MT (source: FAO Fisheries and Aquaculture Department),https://api.worldbank.org/v2/country/WLD/indicator/ER.FSH.CAPT.MT?format=json&per_page=200,"World capture fisheries production, year 1976."
Fisheries / Marine,1977,55198859.99,t output,World Bank indicator ER.FSH.CAPT.MT (source: FAO Fisheries and Aquaculture Department),https://api.worldbank.org/v2/country/WLD/indicator/ER.FSH.CAPT.MT?format=json&per_page=200,"World capture fisheries production, year 1977."
Fisheries / Marine,1978,57569438.01,t output,World Bank indicator ER.FSH.CAPT.MT (source: FAO Fisheries and Aquaculture Department),https://api.worldbank.org/v2/country/WLD/indicator/ER.FSH.CAPT.MT?format=json&per_page=200,"World capture fisheries production, year 1978."
Fisheries / Marine,1979,58127432.51,t output,World Bank indicator ER.FSH.CAPT.MT (source: FAO Fisheries and Aquaculture Department),https://api.worldbank.org/v2/country/WLD/indicator/ER.FSH.CAPT.MT?format=json&per_page=200,"World capture fisheries production, year 1979."
Fisheries / Marine,1980,58107198.0,t output,World Bank indicator ER.FSH.CAPT.MT (source: FAO Fisheries and Aquaculture Department),https://api.worldbank.org/v2/country/WLD/indicator/ER.FSH.CAPT.MT?format=json&per_page=200,"World capture fisheries production, year 1980."
Fisheries / Marine,1981,60294567.03,t output,World Bank indicator ER.FSH.CAPT.MT (source: FAO Fisheries and Aquaculture Department),https://api.worldbank.org/v2/country/WLD/indicator/ER.FSH.CAPT.MT?format=json&per_page=200,"World capture fisheries production, year 1981."
Fisheries / Marine,1982,61825610.74,t output,World Bank indicator ER.FSH.CAPT.MT (source: FAO Fisheries and Aquaculture Department),https://api.worldbank.org/v2/country/WLD/indicator/ER.FSH.CAPT.MT?format=json&per_page=200,"World capture fisheries production, year 1982."
Fisheries / Marine,1983,61829336.37,t output,World Bank indicator ER.FSH.CAPT.MT (source: FAO Fisheries and Aquaculture Department),https://api.worldbank.org/v2/country/WLD/indicator/ER.FSH.CAPT.MT?format=json&per_page=200,"World capture fisheries production, year 1983."
Fisheries / Marine,1984,66840731.43,t output,World Bank indicator ER.FSH.CAPT.MT (source: FAO Fisheries and Aquaculture Department),https://api.worldbank.org/v2/country/WLD/indicator/ER.FSH.CAPT.MT?format=json&per_page=200,"World capture fisheries production, year 1984."
Fisheries / Marine,1985,68511982.45,t output,World Bank indicator ER.FSH.CAPT.MT (source: FAO Fisheries and Aquaculture Department),https://api.worldbank.org/v2/country/WLD/indicator/ER.FSH.CAPT.MT?format=json&per_page=200,"World capture fisheries production, year 1985."
Fisheries / Marine,1986,73396060.92,t output,World Bank indicator ER.FSH.CAPT.MT (source: FAO Fisheries and Aquaculture Department),https://api.worldbank.org/v2/country/WLD/indicator/ER.FSH.CAPT.MT?format=json&per_page=200,"World capture fisheries production, year 1986."
Fisheries / Marine,1987,74048955.72,t output,World Bank indicator ER.FSH.CAPT.MT (source: FAO Fisheries and Aquaculture Department),https://api.worldbank.org/v2/country/WLD/indicator/ER.FSH.CAPT.MT?format=json&per_page=200,"World capture fisheries production, year 1987."
Fisheries / Marine,1988,77334205.2,t output,World Bank indicator ER.FSH.CAPT.MT (source: FAO Fisheries and Aquaculture Department),https://api.worldbank.org/v2/country/WLD/indicator/ER.FSH.CAPT.MT?format=json&per_page=200,"World capture fisheries production, year 1988."
Fisheries / Marine,1989,78086506.13,t output,World Bank indicator ER.FSH.CAPT.MT (source: FAO Fisheries and Aquaculture Department),https://api.worldbank.org/v2/country/WLD/indicator/ER.FSH.CAPT.MT?format=json&per_page=200,"World capture fisheries production, year 1989."
Fisheries / Marine,1990,75279109.32,t output,World Bank indicator ER.FSH.CAPT.MT (source: FAO Fisheries and Aquaculture Department),https://api.worldbank.org/v2/country/WLD/indicator/ER.FSH.CAPT.MT?format=json&per_page=200,"World capture fisheries production, year 1990."
Fisheries / Marine,1991,75200542.49,t output,World Bank indicator ER.FSH.CAPT.MT (source: FAO Fisheries and Aquaculture Department),https://api.worldbank.org/v2/country/WLD/indicator/ER.FSH.CAPT.MT?format=json&per_page=200,"World capture fisheries production, year 1991."
Fisheries / Marine,1992,85890535.43,t output,World Bank indicator ER.FSH.CAPT.MT (source: FAO Fisheries and Aquaculture Department),https://api.worldbank.org/v2/country/WLD/indicator/ER.FSH.CAPT.MT?format=json&per_page=200,"World capture fisheries production, year 1992."
Fisheries / Marine,1993,87200500.45,t output,World Bank indicator ER.FSH.CAPT.MT (source: FAO Fisheries and Aquaculture Department),https://api.worldbank.org/v2/country/WLD/indicator/ER.FSH.CAPT.MT?format=json&per_page=200,"World capture fisheries production, year 1993."
Fisheries / Marine,1994,92858972.52,t output,World Bank indicator ER.FSH.CAPT.MT (source: FAO Fisheries and Aquaculture Department),https://api.worldbank.org/v2/country/WLD/indicator/ER.FSH.CAPT.MT?format=json&per_page=200,"World capture fisheries production, year 1994."
Fisheries / Marine,1995,92879654.82,t output,World Bank indicator ER.FSH.CAPT.MT (source: FAO Fisheries and Aquaculture Department),https://api.worldbank.org/v2/country/WLD/indicator/ER.FSH.CAPT.MT?format=json&per_page=200,"World capture fisheries production, year 1995."
Fisheries / Marine,1996,94578276.89,t output,World Bank indicator ER.FSH.CAPT.MT (source: FAO Fisheries and Aquaculture Department),https://api.worldbank.org/v2/country/WLD/indicator/ER.FSH.CAPT.MT?format=json&per_page=200,"World capture fisheries production, year 1996."
Fisheries / Marine,1997,93952919.26,t output,World Bank indicator ER.FSH.CAPT.MT (source: FAO Fisheries and Aquaculture Department),https://api.worldbank.org/v2/country/WLD/indicator/ER.FSH.CAPT.MT?format=json&per_page=200,"World capture fisheries production, year 1997."
Fisheries / Marine,1998,86329086.02,t output,World Bank indicator ER.FSH.CAPT.MT (source: FAO Fisheries and Aquaculture Department),https://api.worldbank.org/v2/country/WLD/indicator/ER.FSH.CAPT.MT?format=json&per_page=200,"World capture fisheries production, year 1998."
Fisheries / Marine,1999,92305987.55,t output,World Bank indicator ER.FSH.CAPT.MT (source: FAO Fisheries and Aquaculture Department),https://api.worldbank.org/v2/country/WLD/indicator/ER.FSH.CAPT.MT?format=json&per_page=200,"World capture fisheries production, year 1999."
Fisheries / Marine,2000,94111920.93,t output,World Bank indicator ER.FSH.CAPT.MT (source: FAO Fisheries and Aquaculture Department),https://api.worldbank.org/v2/country/WLD/indicator/ER.FSH.CAPT.MT?format=json&per_page=200,"World capture fisheries production, year 2000."
Fisheries / Marine,2001,91342725.08,t output,World Bank indicator ER.FSH.CAPT.MT (source: FAO Fisheries and Aquaculture Department),https://api.worldbank.org/v2/country/WLD/indicator/ER.FSH.CAPT.MT?format=json&per_page=200,"World capture fisheries production, year 2001."
Fisheries / Marine,2002,91723724.59,t output,World Bank indicator ER.FSH.CAPT.MT (source: FAO Fisheries and Aquaculture Department),https://api.worldbank.org/v2/country/WLD/indicator/ER.FSH.CAPT.MT?format=json&per_page=200,"World capture fisheries production, year 2002."
Fisheries / Marine,2003,88932377.6,t output,World Bank indicator ER.FSH.CAPT.MT (source: FAO Fisheries and Aquaculture Department),https://api.worldbank.org/v2/country/WLD/indicator/ER.FSH.CAPT.MT?format=json&per_page=200,"World capture fisheries production, year 2003."
Fisheries / Marine,2004,93599321.46,t output,World Bank indicator ER.FSH.CAPT.MT (source: FAO Fisheries and Aquaculture Department),https://api.worldbank.org/v2/country/WLD/indicator/ER.FSH.CAPT.MT?format=json&per_page=200,"World capture fisheries production, year 2004."
Fisheries / Marine,2005,93215190.36,t output,World Bank indicator ER.FSH.CAPT.MT (source: FAO Fisheries and Aquaculture Department),https://api.worldbank.org/v2/country/WLD/indicator/ER.FSH.CAPT.MT?format=json&per_page=200,"World capture fisheries production, year 2005."
Fisheries / Marine,2006,90833495.5,t output,World Bank indicator ER.FSH.CAPT.MT (source: FAO Fisheries and Aquaculture Department),https://api.worldbank.org/v2/country/WLD/indicator/ER.FSH.CAPT.MT?format=json&per_page=200,"World capture fisheries production, year 2006."
Fisheries / Marine,2007,91101847.15,t output,World Bank indicator ER.FSH.CAPT.MT (source: FAO Fisheries and Aquaculture Department),https://api.worldbank.org/v2/country/WLD/indicator/ER.FSH.CAPT.MT?format=json&per_page=200,"World capture fisheries production, year 2007."
Fisheries / Marine,2008,90282488.14,t output,World Bank indicator ER.FSH.CAPT.MT (source: FAO Fisheries and Aquaculture Department),https://api.worldbank.org/v2/country/WLD/indicator/ER.FSH.CAPT.MT?format=json&per_page=200,"World capture fisheries production, year 2008."
Fisheries / Marine,2009,89661162.45,t output,World Bank indicator ER.FSH.CAPT.MT (source: FAO Fisheries and Aquaculture Department),https://api.worldbank.org/v2/country/WLD/indicator/ER.FSH.CAPT.MT?format=json&per_page=200,"World capture fisheries production, year 2009."
Fisheries / Marine,2010,87728529.68,t output,World Bank indicator ER.FSH.CAPT.MT (source: FAO Fisheries and Aquaculture Department),https://api.worldbank.org/v2/country/WLD/indicator/ER.FSH.CAPT.MT?format=json&per_page=200,"World capture fisheries production, year 2010."
Fisheries / Marine,2011,92212318.37,t output,World Bank indicator ER.FSH.CAPT.MT (source: FAO Fisheries and Aquaculture Department),https://api.worldbank.org/v2/country/WLD/indicator/ER.FSH.CAPT.MT?format=json&per_page=200,"World capture fisheries production, year 2011."
Fisheries / Marine,2012,89295688.61,t output,World Bank indicator ER.FSH.CAPT.MT (source: FAO Fisheries and Aquaculture Department),https://api.worldbank.org/v2/country/WLD/indicator/ER.FSH.CAPT.MT?format=json&per_page=200,"World capture fisheries production, year 2012."
Fisheries / Marine,2013,90498511.61,t output,World Bank indicator ER.FSH.CAPT.MT (source: FAO Fisheries and Aquaculture Department),https://api.worldbank.org/v2/country/WLD/indicator/ER.FSH.CAPT.MT?format=json&per_page=200,"World capture fisheries production, year 2013."
Fisheries / Marine,2014,91092327.18,t output,World Bank indicator ER.FSH.CAPT.MT (source: FAO Fisheries and Aquaculture Department),https://api.worldbank.org/v2/country/WLD/indicator/ER.FSH.CAPT.MT?format=json&per_page=200,"World capture fisheries production, year 2014."
Fisheries / Marine,2015,92210703.81,t output,World Bank indicator ER.FSH.CAPT.MT (source: FAO Fisheries and Aquaculture Department),https://api.worldbank.org/v2/country/WLD/indicator/ER.FSH.CAPT.MT?format=json&per_page=200,"World capture fisheries production, year 2015."
Fisheries / Marine,2016,90216992.35,t output,World Bank indicator ER.FSH.CAPT.MT (source: FAO Fisheries and Aquaculture Department),https://api.worldbank.org/v2/country/WLD/indicator/ER.FSH.CAPT.MT?format=json&per_page=200,"World capture fisheries production, year 2016."
Fisheries / Marine,2017,94016976.23,t output,World Bank indicator ER.FSH.CAPT.MT (source: FAO Fisheries and Aquaculture Department),https://api.worldbank.org/v2/country/WLD/indicator/ER.FSH.CAPT.MT?format=json&per_page=200,"World capture fisheries production, year 2017."
Fisheries / Marine,2018,96877060.0,t output,World Bank indicator ER.FSH.CAPT.MT (source: FAO Fisheries and Aquaculture Department),https://api.worldbank.org/v2/country/WLD/indicator/ER.FSH.CAPT.MT?format=json&per_page=200,"World capture fisheries production, year 2018."
Fisheries / Marine,2019,92806853.89,t output,World Bank indicator ER.FSH.CAPT.MT (source: FAO Fisheries and Aquaculture Department),https://api.worldbank.org/v2/country/WLD/indicator/ER.FSH.CAPT.MT?format=json&per_page=200,"World capture fisheries production, year 2019."
Fisheries / Marine,2020,90338637.43,t output,World Bank indicator ER.FSH.CAPT.MT (source: FAO Fisheries and Aquaculture Department),https://api.worldbank.org/v2/country/WLD/indicator/ER.FSH.CAPT.MT?format=json&per_page=200,"World capture fisheries production, year 2020."
Fisheries / Marine,2021,92101202.44,t output,World Bank indicator ER.FSH.CAPT.MT (source: FAO Fisheries and Aquaculture Department),https://api.worldbank.org/v2/country/WLD/indicator/ER.FSH.CAPT.MT?format=json&per_page=200,"World capture fisheries production, year 2021."
Fisheries / Marine,2022,87988165.97,t output,World Bank indicator ER.FSH.CAPT.MT (source: FAO Fisheries and Aquaculture Department),https://api.worldbank.org/v2/country/WLD/indicator/ER.FSH.CAPT.MT?format=json&per_page=200,"World capture fisheries production, year 2022."
Gold Fields,1920,502.63218508799997,t output,Statistical Summary of the Mineral Industry 1945-1951,https://nora.nerc.ac.uk/id/eprint/535285/1/SS_1945_1951.pdf,"Gold table retrospective series, 1920 world total = 16,160,000 fine oz."
Gold Fields,1921,496.72252449599995,t output,Statistical Summary of the Mineral Industry 1945-1951,https://nora.nerc.ac.uk/id/eprint/535285/1/SS_1945_1951.pdf,"Gold table retrospective series, 1921 world total."
Gold Fields,1922,482.10389039999995,t output,Statistical Summary of the Mineral Industry 1945-1951,https://nora.nerc.ac.uk/id/eprint/535285/1/SS_1945_1951.pdf,"Gold table retrospective series, 1922 world total."
Gold Fields,1930,650.06266512,t output,Statistical Summary of the Mineral Industry 1930-1932,https://nora.nerc.ac.uk/id/eprint/535282/1/SS_1930_1932.pdf,"Gold table, 1930 world total."
Gold Fields,1931,696.71788032,t output,Statistical Summary of the Mineral Industry 1930-1932,https://nora.nerc.ac.uk/id/eprint/535282/1/SS_1930_1932.pdf,"Gold table, 1931 world total."
Gold Fields,1932,746.4834432,t output,Statistical Summary of the Mineral Industry 1930-1932,https://nora.nerc.ac.uk/id/eprint/535282/1/SS_1930_1932.pdf,"Gold table, 1932 world total."
Gold Fields,1935,920.66291328,t output,Statistical Summary of the Mineral Industry 1935-1937,https://nora.nerc.ac.uk/id/eprint/535283/1/SS_1935_1937.pdf,"Gold table, 1935 world total."
Gold Fields,1936,1035.74577744,t output,Statistical Summary of the Mineral Industry 1935-1937,https://nora.nerc.ac.uk/id/eprint/535283/1/SS_1935_1937.pdf,"Gold table, 1936 world total."
Gold Fields,1937,1076.1802972799999,t output,Statistical Summary of the Mineral Industry 1935-1937,https://nora.nerc.ac.uk/id/eprint/535283/1/SS_1935_1937.pdf,"Gold table, 1937 world total."
Gold Fields,1945,646.95231744,t output,Statistical Summary of the Mineral Industry 1945-1951,https://nora.nerc.ac.uk/id/eprint/535285/1/SS_1945_1951.pdf,"Gold table, 1945 world total."
Gold Fields,1946,662.50405584,t output,Statistical Summary of the Mineral Industry 1945-1951,https://nora.nerc.ac.uk/id/eprint/535285/1/SS_1945_1951.pdf,"Gold table, 1946 world total."
Gold Fields,1947,678.05579424,t output,Statistical Summary of the Mineral Industry 1945-1951,https://nora.nerc.ac.uk/id/eprint/535285/1/SS_1945_1951.pdf,"Gold table, 1947 world total."
Gold Fields,1948,696.71788032,t output,Statistical Summary of the Mineral Industry 1945-1951,https://nora.nerc.ac.uk/id/eprint/535285/1/SS_1945_1951.pdf,"Gold table, 1948 world total."
Gold Fields,1949,727.82135712,t output,Statistical Summary of the Mineral Industry 1945-1951,https://nora.nerc.ac.uk/id/eprint/535285/1/SS_1945_1951.pdf,"Gold table, 1949 world total."
Gold Fields,1950,752.7041385599999,t output,Statistical Summary of the Mineral Industry 1950-1955,https://nora.nerc.ac.uk/id/eprint/535280/1/SS_1950_1955.pdf,"Gold table, 1950 world total."
Gold Fields,1951,737.15240016,t output,Statistical Summary of the Mineral Industry 1950-1955,https://nora.nerc.ac.uk/id/eprint/535280/1/SS_1950_1955.pdf,"Gold table, 1951 world total."
Gold Fields,1952,755.81448624,t output,Statistical Summary of the Mineral Industry 1950-1955,https://nora.nerc.ac.uk/id/eprint/535280/1/SS_1950_1955.pdf,"Gold table, 1952 world total."
Gold Fields,1953,752.7041385599999,t output,Statistical Summary of the Mineral Industry 1950-1955,https://nora.nerc.ac.uk/id/eprint/535280/1/SS_1950_1955.pdf,"Gold table, 1953 world total."
Gold Fields,1954,799.35935376,t output,Statistical Summary of the Mineral Industry 1950-1955,https://nora.nerc.ac.uk/id/eprint/535280/1/SS_1950_1955.pdf,"Gold table, 1954 world total."
Gold Fields,1955,836.68352592,t output,Statistical Summary of the Mineral Industry 1950-1955,https://nora.nerc.ac.uk/id/eprint/535280/1/SS_1950_1955.pdf,"Gold table, 1955 world total."
Gold Fields,2019,3313.849,t output,World Mining Data 2025,https://www.world-mining-data.info/wmd/downloads/PDF/WMD2025.pdf,"Gold table, 2019 world total = 3,313,849 kg."
Gold Fields,2020,3202.74,t output,World Mining Data 2025,https://www.world-mining-data.info/wmd/downloads/PDF/WMD2025.pdf,"Gold table, 2020 world total = 3,202,740 kg."
Gold Fields,2021,3220.656,t output,World Mining Data 2025,https://www.world-mining-data.info/wmd/downloads/PDF/WMD2025.pdf,"Gold table, 2021 world total = 3,220,656 kg."
Gold Fields,2022,3297.464,t output,World Mining Data 2025,https://www.world-mining-data.info/wmd/downloads/PDF/WMD2025.pdf,"Gold table, 2022 world total = 3,297,464 kg."
Gold Fields,2023,3266.418,t output,World Mining Data 2025,https://www.world-mining-data.info/wmd/downloads/PDF/WMD2025.pdf,"Gold table, 2023 world total = 3,266,418 kg."
Iron Mine,1930,180856349.76639998,t output,Statistical Summary of the Mineral Industry 1930-1932,https://nora.nerc.ac.uk/id/eprint/535282/1/SS_1930_1932.pdf,"Iron ore table, 1930 world total = 178,000,000 long tons actual weight."
Iron Mine,1931,119893535.2384,t output,Statistical Summary of the Mineral Industry 1930-1932,https://nora.nerc.ac.uk/id/eprint/535282/1/SS_1930_1932.pdf,"Iron ore table, 1931 world total."
Iron Mine,1932,76203518.16,t output,Statistical Summary of the Mineral Industry 1930-1932,https://nora.nerc.ac.uk/id/eprint/535282/1/SS_1930_1932.pdf,"Iron ore table, 1932 world total."
Iron Mine,1935,142246567.232,t output,Statistical Summary of the Mineral Industry 1935-1937,https://nora.nerc.ac.uk/id/eprint/535283/1/SS_1935_1937.pdf,"Iron ore table, 1935 world total."
Iron Mine,1936,172727974.496,t output,Statistical Summary of the Mineral Industry 1935-1937,https://nora.nerc.ac.uk/id/eprint/535283/1/SS_1935_1937.pdf,"Iron ore table, 1936 world total."
Iron Mine,1937,217434038.48319998,t output,Statistical Summary of the Mineral Industry 1935-1937,https://nora.nerc.ac.uk/id/eprint/535283/1/SS_1935_1937.pdf,"Iron ore table, 1937 world total."
Iron Mine,1945,159519364.68159997,t output,Statistical Summary of the Mineral Industry 1945-1951,https://nora.nerc.ac.uk/id/eprint/535285/1/SS_1945_1951.pdf,"Iron ore table, 1945 world total."
Iron Mine,1946,156471223.9552,t output,Statistical Summary of the Mineral Industry 1945-1951,https://nora.nerc.ac.uk/id/eprint/535285/1/SS_1945_1951.pdf,"Iron ore table, 1946 world total."
Iron Mine,1947,190000771.94559997,t output,Statistical Summary of the Mineral Industry 1945-1951,https://nora.nerc.ac.uk/id/eprint/535285/1/SS_1945_1951.pdf,"Iron ore table, 1947 world total."
Iron Mine,1948,220482179.20959997,t output,Statistical Summary of the Mineral Industry 1945-1951,https://nora.nerc.ac.uk/id/eprint/535285/1/SS_1945_1951.pdf,"Iron ore table, 1948 world total."
Iron Mine,1949,223530319.936,t output,Statistical Summary of the Mineral Industry 1945-1951,https://nora.nerc.ac.uk/id/eprint/535285/1/SS_1945_1951.pdf,"Iron ore table, 1949 world total."
Iron Mine,1950,247915445.74719998,t output,Statistical Summary of the Mineral Industry 1950-1955,https://nora.nerc.ac.uk/id/eprint/535280/1/SS_1950_1955.pdf,"Iron ore table, 1950 world total."
Iron Mine,1951,293637556.6432,t output,Statistical Summary of the Mineral Industry 1950-1955,https://nora.nerc.ac.uk/id/eprint/535280/1/SS_1950_1955.pdf,"Iron ore table, 1951 world total."
Iron Mine,1952,303798025.7312,t output,Statistical Summary of the Mineral Industry 1950-1955,https://nora.nerc.ac.uk/id/eprint/535280/1/SS_1950_1955.pdf,"Iron ore table, 1952 world total."
Iron Mine,1953,341391761.35679996,t output,Statistical Summary of the Mineral Industry 1950-1955,https://nora.nerc.ac.uk/id/eprint/535280/1/SS_1950_1955.pdf,"Iron ore table, 1953 world total."
Iron Mine,1954,306846166.4576,t output,Statistical Summary of the Mineral Industry 1950-1955,https://nora.nerc.ac.uk/id/eprint/535280/1/SS_1950_1955.pdf,"Iron ore table, 1954 world total."
Iron Mine,1955,373905262.4384,t output,Statistical Summary of the Mineral Industry 1950-1955,https://nora.nerc.ac.uk/id/eprint/535280/1/SS_1950_1955.pdf,"Iron ore table, 1955 world total."
Iron Mine,2023,2522000000.0,t output,World Steel in Figures 2025,https://worldsteel.org/wp-content/uploads/World-Steel-in-Figures-2025-1.pdf,"Trade in iron ore, actual weight, 2023 world total = 2,522.0 Mt."
Land Economy,1968,825481390454.681,constant 2015 US$,"World Bank, Agriculture, forestry, and fishing, value added (constant 2015 US$)",https://api.worldbank.org/v2/country/WLD/indicator/NV.AGR.TOTL.KD?format=json&per_page=200,World aggregate annual value added; year 1968.
Land Economy,1969,847588991565.049,constant 2015 US$,"World Bank, Agriculture, forestry, and fishing, value added (constant 2015 US$)",https://api.worldbank.org/v2/country/WLD/indicator/NV.AGR.TOTL.KD?format=json&per_page=200,World aggregate annual value added; year 1969.
Land Economy,1970,892542622795.78,constant 2015 US$,"World Bank, Agriculture, forestry, and fishing, value added (constant 2015 US$)",https://api.worldbank.org/v2/country/WLD/indicator/NV.AGR.TOTL.KD?format=json&per_page=200,World aggregate annual value added; year 1970.
Land Economy,1971,910775894665.224,constant 2015 US$,"World Bank, Agriculture, forestry, and fishing, value added (constant 2015 US$)",https://api.worldbank.org/v2/country/WLD/indicator/NV.AGR.TOTL.KD?format=json&per_page=200,World aggregate annual value added; year 1971.
Land Economy,1972,912593860158.635,constant 2015 US$,"World Bank, Agriculture, forestry, and fishing, value added (constant 2015 US$)",https://api.worldbank.org/v2/country/WLD/indicator/NV.AGR.TOTL.KD?format=json&per_page=200,World aggregate annual value added; year 1972.
Land Economy,1973,959990777233.733,constant 2015 US$,"World Bank, Agriculture, forestry, and fishing, value added (constant 2015 US$)",https://api.worldbank.org/v2/country/WLD/indicator/NV.AGR.TOTL.KD?format=json&per_page=200,World aggregate annual value added; year 1973.
Land Economy,1974,989260645407.96,constant 2015 US$,"World Bank, Agriculture, forestry, and fishing, value added (constant 2015 US$)",https://api.worldbank.org/v2/country/WLD/indicator/NV.AGR.TOTL.KD?format=json&per_page=200,World aggregate annual value added; year 1974.
Land Economy,1975,1023824505329.46,constant 2015 US$,"World Bank, Agriculture, forestry, and fishing, value added (constant 2015 US$)",https://api.worldbank.org/v2/country/WLD/indicator/NV.AGR.TOTL.KD?format=json&per_page=200,World aggregate annual value added; year 1975.
Land Economy,1976,1036616659349.82,constant 2015 US$,"World Bank, Agriculture, forestry, and fishing, value added (constant 2015 US$)",https://api.worldbank.org/v2/country/WLD/indicator/NV.AGR.TOTL.KD?format=json&per_page=200,World aggregate annual value added; year 1976.
Land Economy,1977,1063309985702.17,constant 2015 US$,"World Bank, Agriculture, forestry, and fishing, value added (constant 2015 US$)",https://api.worldbank.org/v2/country/WLD/indicator/NV.AGR.TOTL.KD?format=json&per_page=200,World aggregate annual value added; year 1977.
Land Economy,1978,1080604088119.25,constant 2015 US$,"World Bank, Agriculture, forestry, and fishing, value added (constant 2015 US$)",https://api.worldbank.org/v2/country/WLD/indicator/NV.AGR.TOTL.KD?format=json&per_page=200,World aggregate annual value added; year 1978.
Land Economy,1979,1094261004950.0,constant 2015 US$,"World Bank, Agriculture, forestry, and fishing, value added (constant 2015 US$)",https://api.worldbank.org/v2/country/WLD/indicator/NV.AGR.TOTL.KD?format=json&per_page=200,World aggregate annual value added; year 1979.
Land Economy,1980,1118003224267.35,constant 2015 US$,"World Bank, Agriculture, forestry, and fishing, value added (constant 2015 US$)",https://api.worldbank.org/v2/country/WLD/indicator/NV.AGR.TOTL.KD?format=json&per_page=200,World aggregate annual value added; year 1980.
Land Economy,1981,1167050970632.16,constant 2015 US$,"World Bank, Agriculture, forestry, and fishing, value added (constant 2015 US$)",https://api.worldbank.org/v2/country/WLD/indicator/NV.AGR.TOTL.KD?format=json&per_page=200,World aggregate annual value added; year 1981.
Land Economy,1982,1229055656971.3,constant 2015 US$,"World Bank, Agriculture, forestry, and fishing, value added (constant 2015 US$)",https://api.worldbank.org/v2/country/WLD/indicator/NV.AGR.TOTL.KD?format=json&per_page=200,World aggregate annual value added; year 1982.
Land Economy,1983,1276549018815.8,constant 2015 US$,"World Bank, Agriculture, forestry, and fishing, value added (constant 2015 US$)",https://api.worldbank.org/v2/country/WLD/indicator/NV.AGR.TOTL.KD?format=json&per_page=200,World aggregate annual value added; year 1983.
Land Economy,1984,1351302327279.07,constant 2015 US$,"World Bank, Agriculture, forestry, and fishing, value added (constant 2015 US$)",https://api.worldbank.org/v2/country/WLD/indicator/NV.AGR.TOTL.KD?format=json&per_page=200,World aggregate annual value added; year 1984.
Land Economy,1985,1388157318868.12,constant 2015 US$,"World Bank, Agriculture, forestry, and fishing, value added (constant 2015 US$)",https://api.worldbank.org/v2/country/WLD/indicator/NV.AGR.TOTL.KD?format=json&per_page=200,World aggregate annual value added; year 1985.
Land Economy,1986,1420590632653.25,constant 2015 US$,"World Bank, Agriculture, forestry, and fishing, value added (constant 2015 US$)",https://api.worldbank.org/v2/country/WLD/indicator/NV.AGR.TOTL.KD?format=json&per_page=200,World aggregate annual value added; year 1986.
Land Economy,1987,1453996424629.79,constant 2015 US$,"World Bank, Agriculture, forestry, and fishing, value added (constant 2015 US$)",https://api.worldbank.org/v2/country/WLD/indicator/NV.AGR.TOTL.KD?format=json&per_page=200,World aggregate annual value added; year 1987.
Land Economy,1988,1527955656115.52,constant 2015 US$,"World Bank, Agriculture, forestry, and fishing, value added (constant 2015 US$)",https://api.worldbank.org/v2/country/WLD/indicator/NV.AGR.TOTL.KD?format=json&per_page=200,World aggregate annual value added; year 1988.
Land Economy,1989,1568800232989.34,constant 2015 US$,"World Bank, Agriculture, forestry, and fishing, value added (constant 2015 US$)",https://api.worldbank.org/v2/country/WLD/indicator/NV.AGR.TOTL.KD?format=json&per_page=200,World aggregate annual value added; year 1989.
Land Economy,1990,1633965705466.46,constant 2015 US$,"World Bank, Agriculture, forestry, and fishing, value added (constant 2015 US$)",https://api.worldbank.org/v2/country/WLD/indicator/NV.AGR.TOTL.KD?format=json&per_page=200,World aggregate annual value added; year 1990.
Land Economy,1991,1649087134014.3,constant 2015 US$,"World Bank, Agriculture, forestry, and fishing, value added (constant 2015 US$)",https://api.worldbank.org/v2/country/WLD/indicator/NV.AGR.TOTL.KD?format=json&per_page=200,World aggregate annual value added; year 1991.
Land Economy,1992,1701322050439.1,constant 2015 US$,"World Bank, Agriculture, forestry, and fishing, value added (constant 2015 US$)",https://api.worldbank.org/v2/country/WLD/indicator/NV.AGR.TOTL.KD?format=json&per_page=200,World aggregate annual value added; year 1992.
Land Economy,1993,1715476168052.37,constant 2015 US$,"World Bank, Agriculture, forestry, and fishing, value added (constant 2015 US$)",https://api.worldbank.org/v2/country/WLD/indicator/NV.AGR.TOTL.KD?format=json&per_page=200,World aggregate annual value added; year 1993.
Land Economy,1994,1744365589510.97,constant 2015 US$,"World Bank, Agriculture, forestry, and fishing, value added (constant 2015 US$)",https://api.worldbank.org/v2/country/WLD/indicator/NV.AGR.TOTL.KD?format=json&per_page=200,World aggregate annual value added; year 1994.
Land Economy,1995,1774960564184.09,constant 2015 US$,"World Bank, Agriculture, forestry, and fishing, value added (constant 2015 US$)",https://api.worldbank.org/v2/country/WLD/indicator/NV.AGR.TOTL.KD?format=json&per_page=200,World aggregate annual value added; year 1995.
Land Economy,1996,1866097408561.71,constant 2015 US$,"World Bank, Agriculture, forestry, and fishing, value added (constant 2015 US$)",https://api.worldbank.org/v2/country/WLD/indicator/NV.AGR.TOTL.KD?format=json&per_page=200,World aggregate annual value added; year 1996.
Land Economy,1997,1893257998529.75,constant 2015 US$,"World Bank, Agriculture, forestry, and fishing, value added (constant 2015 US$)",https://api.worldbank.org/v2/country/WLD/indicator/NV.AGR.TOTL.KD?format=json&per_page=200,World aggregate annual value added; year 1997.
Land Economy,1998,1936424860679.91,constant 2015 US$,"World Bank, Agriculture, forestry, and fishing, value added (constant 2015 US$)",https://api.worldbank.org/v2/country/WLD/indicator/NV.AGR.TOTL.KD?format=json&per_page=200,World aggregate annual value added; year 1998.
Land Economy,1999,1994519782311.61,constant 2015 US$,"World Bank, Agriculture, forestry, and fishing, value added (constant 2015 US$)",https://api.worldbank.org/v2/country/WLD/indicator/NV.AGR.TOTL.KD?format=json&per_page=200,World aggregate annual value added; year 1999.
Land Economy,2000,2038989104089.79,constant 2015 US$,"World Bank, Agriculture, forestry, and fishing, value added (constant 2015 US$)",https://api.worldbank.org/v2/country/WLD/indicator/NV.AGR.TOTL.KD?format=json&per_page=200,World aggregate annual value added; year 2000.
Land Economy,2001,2087628140913.28,constant 2015 US$,"World Bank, Agriculture, forestry, and fishing, value added (constant 2015 US$)",https://api.worldbank.org/v2/country/WLD/indicator/NV.AGR.TOTL.KD?format=json&per_page=200,World aggregate annual value added; year 2001.
Land Economy,2002,2139828360016.46,constant 2015 US$,"World Bank, Agriculture, forestry, and fishing, value added (constant 2015 US$)",https://api.worldbank.org/v2/country/WLD/indicator/NV.AGR.TOTL.KD?format=json&per_page=200,World aggregate annual value added; year 2002.
Land Economy,2003,2188046252035.09,constant 2015 US$,"World Bank, Agriculture, forestry, and fishing, value added (constant 2015 US$)",https://api.worldbank.org/v2/country/WLD/indicator/NV.AGR.TOTL.KD?format=json&per_page=200,World aggregate annual value added; year 2003.
Land Economy,2004,2281267380491.17,constant 2015 US$,"World Bank, Agriculture, forestry, and fishing, value added (constant 2015 US$)",https://api.worldbank.org/v2/country/WLD/indicator/NV.AGR.TOTL.KD?format=json&per_page=200,World aggregate annual value added; year 2004.
Land Economy,2005,2351774091935.36,constant 2015 US$,"World Bank, Agriculture, forestry, and fishing, value added (constant 2015 US$)",https://api.worldbank.org/v2/country/WLD/indicator/NV.AGR.TOTL.KD?format=json&per_page=200,World aggregate annual value added; year 2005.
Land Economy,2006,2434726456930.65,constant 2015 US$,"World Bank, Agriculture, forestry, and fishing, value added (constant 2015 US$)",https://api.worldbank.org/v2/country/WLD/indicator/NV.AGR.TOTL.KD?format=json&per_page=200,World aggregate annual value added; year 2006.
Land Economy,2007,2494656852891.16,constant 2015 US$,"World Bank, Agriculture, forestry, and fishing, value added (constant 2015 US$)",https://api.worldbank.org/v2/country/WLD/indicator/NV.AGR.TOTL.KD?format=json&per_page=200,World aggregate annual value added; year 2007.
Land Economy,2008,2582132319727.9,constant 2015 US$,"World Bank, Agriculture, forestry, and fishing, value added (constant 2015 US$)",https://api.worldbank.org/v2/country/WLD/indicator/NV.AGR.TOTL.KD?format=json&per_page=200,World aggregate annual value added; year 2008.
Land Economy,2009,2632282914359.29,constant 2015 US$,"World Bank, Agriculture, forestry, and fishing, value added (constant 2015 US$)",https://api.worldbank.org/v2/country/WLD/indicator/NV.AGR.TOTL.KD?format=json&per_page=200,World aggregate annual value added; year 2009.
Land Economy,2010,2720568912300.6,constant 2015 US$,"World Bank, Agriculture, forestry, and fishing, value added (constant 2015 US$)",https://api.worldbank.org/v2/country/WLD/indicator/NV.AGR.TOTL.KD?format=json&per_page=200,World aggregate annual value added; year 2010.
Land Economy,2011,2842977639713.81,constant 2015 US$,"World Bank, Agriculture, forestry, and fishing, value added (constant 2015 US$)",https://api.worldbank.org/v2/country/WLD/indicator/NV.AGR.TOTL.KD?format=json&per_page=200,World aggregate annual value added; year 2011.
Land Economy,2012,2896489440369.86,constant 2015 US$,"World Bank, Agriculture, forestry, and fishing, value added (constant 2015 US$)",https://api.worldbank.org/v2/country/WLD/indicator/NV.AGR.TOTL.KD?format=json&per_page=200,World aggregate annual value added; year 2012.
Land Economy,2013,3014032109106.8,constant 2015 US$,"World Bank, Agriculture, forestry, and fishing, value added (constant 2015 US$)",https://api.worldbank.org/v2/country/WLD/indicator/NV.AGR.TOTL.KD?format=json&per_page=200,World aggregate annual value added; year 2013.
Land Economy,2014,3106209393258.91,constant 2015 US$,"World Bank, Agriculture, forestry, and fishing, value added (constant 2015 US$)",https://api.worldbank.org/v2/country/WLD/indicator/NV.AGR.TOTL.KD?format=json&per_page=200,World aggregate annual value added; year 2014.
Land Economy,2015,3174250015051.45,constant 2015 US$,"World Bank, Agriculture, forestry, and fishing, value added (constant 2015 US$)",https://api.worldbank.org/v2/country/WLD/indicator/NV.AGR.TOTL.KD?format=json&per_page=200,World aggregate annual value added; year 2015.
Land Economy,2016,3240168330439.3,constant 2015 US$,"World Bank, Agriculture, forestry, and fishing, value added (constant 2015 US$)",https://api.worldbank.org/v2/country/WLD/indicator/NV.AGR.TOTL.KD?format=json&per_page=200,World aggregate annual value added; year 2016.
Land Economy,2017,3372267728601.66,constant 2015 US$,"World Bank, Agriculture, forestry, and fishing, value added (constant 2015 US$)",https://api.worldbank.org/v2/country/WLD/indicator/NV.AGR.TOTL.KD?format=json&per_page=200,World aggregate annual value added; year 2017.
Land Economy,2018,3447977801513.56,constant 2015 US$,"World Bank, Agriculture, forestry, and fishing, value added (constant 2015 US$)",https://api.worldbank.org/v2/country/WLD/indicator/NV.AGR.TOTL.KD?format=json&per_page=200,World aggregate annual value added; year 2018.
Land Economy,2019,3556383032519.58,constant 2015 US$,"World Bank, Agriculture, forestry, and fishing, value added (constant 2015 US$)",https://api.worldbank.org/v2/country/WLD/indicator/NV.AGR.TOTL.KD?format=json&per_page=200,World aggregate annual value added; year 2019.
Land Economy,2020,3626693856819.2,constant 2015 US$,"World Bank, Agriculture, forestry, and fishing, value added (constant 2015 US$)",https://api.worldbank.org/v2/country/WLD/indicator/NV.AGR.TOTL.KD?format=json&per_page=200,World aggregate annual value added; year 2020.
Land Economy,2021,3770015178931.17,constant 2015 US$,"World Bank, Agriculture, forestry, and fishing, value added (constant 2015 US$)",https://api.worldbank.org/v2/country/WLD/indicator/NV.AGR.TOTL.KD?format=json&per_page=200,World aggregate annual value added; year 2021.
Land Economy,2022,3892671869624.73,constant 2015 US$,"World Bank, Agriculture, forestry, and fishing, value added (constant 2015 US$)",https://api.worldbank.org/v2/country/WLD/indicator/NV.AGR.TOTL.KD?format=json&per_page=200,World aggregate annual value added; year 2022.
Land Economy,2023,3991592816456.03,constant 2015 US$,"World Bank, Agriculture, forestry, and fishing, value added (constant 2015 US$)",https://api.worldbank.org/v2/country/WLD/indicator/NV.AGR.TOTL.KD?format=json&per_page=200,World aggregate annual value added; year 2023.
Land Economy,2024,4101242673601.5,constant 2015 US$,"World Bank, Agriculture, forestry, and fishing, value added (constant 2015 US$)",https://api.worldbank.org/v2/country/WLD/indicator/NV.AGR.TOTL.KD?format=json&per_page=200,World aggregate annual value added; year 2024.
Lead Mine,1930,1666316.930432,t output,Statistical Summary of the Mineral Industry 1930-1932,https://nora.nerc.ac.uk/id/eprint/535282/1/SS_1930_1932.pdf,"Lead table, 1930 world total = 1,640,000 long tons."
Lead Mine,1931,1361502.8577919998,t output,Statistical Summary of the Mineral Industry 1930-1932,https://nora.nerc.ac.uk/id/eprint/535282/1/SS_1930_1932.pdf,"Lead table, 1931 world total."
Lead Mine,1932,1198935.3523839999,t output,Statistical Summary of the Mineral Industry 1930-1932,https://nora.nerc.ac.uk/id/eprint/535282/1/SS_1930_1932.pdf,"Lead table, 1932 world total."
Lead Mine,1935,1391984.2650559999,t output,Statistical Summary of the Mineral Industry 1935-1937,https://nora.nerc.ac.uk/id/eprint/535283/1/SS_1935_1937.pdf,"Lead table, 1935 world total."
Lead Mine,1936,1513909.8941119998,t output,Statistical Summary of the Mineral Industry 1935-1937,https://nora.nerc.ac.uk/id/eprint/535283/1/SS_1935_1937.pdf,"Lead table, 1936 world total."
Lead Mine,1937,1676477.39952,t output,Statistical Summary of the Mineral Industry 1935-1937,https://nora.nerc.ac.uk/id/eprint/535283/1/SS_1935_1937.pdf,"Lead table, 1937 world total."
Lead Mine,1945,1200967.4462016,t output,Statistical Summary of the Mineral Industry 1945-1951,https://nora.nerc.ac.uk/id/eprint/535285/1/SS_1945_1951.pdf,"Lead table, 1945 world total."
Lead Mine,1946,1174550.2265728,t output,Statistical Summary of the Mineral Industry 1945-1951,https://nora.nerc.ac.uk/id/eprint/535285/1/SS_1945_1951.pdf,"Lead table, 1946 world total."
Lead Mine,1947,1400112.6403263998,t output,Statistical Summary of the Mineral Industry 1945-1951,https://nora.nerc.ac.uk/id/eprint/535285/1/SS_1945_1951.pdf,"Lead table, 1947 world total."
Lead Mine,1948,1448882.8919487998,t output,Statistical Summary of the Mineral Industry 1945-1951,https://nora.nerc.ac.uk/id/eprint/535285/1/SS_1945_1951.pdf,"Lead table, 1948 world total."
Lead Mine,1949,1565728.2864607999,t output,Statistical Summary of the Mineral Industry 1945-1951,https://nora.nerc.ac.uk/id/eprint/535285/1/SS_1945_1951.pdf,"Lead table, 1949 world total."
Lead Mine,1950,1666316.930432,t output,Statistical Summary of the Mineral Industry 1950-1955,https://nora.nerc.ac.uk/id/eprint/535280/1/SS_1950_1955.pdf,"Lead table, 1950 world total."
Lead Mine,1951,1721183.4635072,t output,Statistical Summary of the Mineral Industry 1950-1955,https://nora.nerc.ac.uk/id/eprint/535280/1/SS_1950_1955.pdf,"Lead table, 1951 world total."
Lead Mine,1952,1859365.843104,t output,Statistical Summary of the Mineral Industry 1950-1955,https://nora.nerc.ac.uk/id/eprint/535280/1/SS_1950_1955.pdf,"Lead table, 1952 world total."
Lead Mine,1953,1933537.2674464,t output,Statistical Summary of the Mineral Industry 1950-1955,https://nora.nerc.ac.uk/id/eprint/535280/1/SS_1950_1955.pdf,"Lead table, 1953 world total."
Lead Mine,1954,2060543.1310464,t output,Statistical Summary of the Mineral Industry 1950-1955,https://nora.nerc.ac.uk/id/eprint/535280/1/SS_1950_1955.pdf,"Lead table, 1954 world total."
Lead Mine,1955,2124554.0863007996,t output,Statistical Summary of the Mineral Industry 1950-1955,https://nora.nerc.ac.uk/id/eprint/535280/1/SS_1950_1955.pdf,"Lead table, 1955 world total."
Lead Mine,2019,4896049.0,t output,World Mining Data 2025,https://www.world-mining-data.info/wmd/downloads/PDF/WMD2025.pdf,"Lead table, 2019 world total."
Lead Mine,2020,4692777.0,t output,World Mining Data 2025,https://www.world-mining-data.info/wmd/downloads/PDF/WMD2025.pdf,"Lead table, 2020 world total."
Lead Mine,2021,4597548.0,t output,World Mining Data 2025,https://www.world-mining-data.info/wmd/downloads/PDF/WMD2025.pdf,"Lead table, 2021 world total."
Lead Mine,2022,4691012.0,t output,World Mining Data 2025,https://www.world-mining-data.info/wmd/downloads/PDF/WMD2025.pdf,"Lead table, 2022 world total."
Lead Mine,2023,4704599.0,t output,World Mining Data 2025,https://www.world-mining-data.info/wmd/downloads/PDF/WMD2025.pdf,"Lead table, 2023 world total."
Sulfur Mine,1950,1.0,index,Statistical Summary of the Mineral Industry 1950-1955,https://nora.nerc.ac.uk/id/eprint/535280/1/SS_1950_1955.pdf,Synthetic 1950 base index used until a fuller annual sulfur reference series is added.
Sulfur Mine,2019,81997309.0,t output,World Mining Data 2025,https://www.world-mining-data.info/wmd/downloads/PDF/WMD2025.pdf,"Sulfur table, 2019 world total."
Sulfur Mine,2020,79339055.0,t output,World Mining Data 2025,https://www.world-mining-data.info/wmd/downloads/PDF/WMD2025.pdf,"Sulfur table, 2020 world total."
Sulfur Mine,2021,78586878.0,t output,World Mining Data 2025,https://www.world-mining-data.info/wmd/downloads/PDF/WMD2025.pdf,"Sulfur table, 2021 world total."
Sulfur Mine,2022,82165519.0,t output,World Mining Data 2025,https://www.world-mining-data.info/wmd/downloads/PDF/WMD2025.pdf,"Sulfur table, 2022 world total."
Sulfur Mine,2023,82745314.0,t output,World Mining Data 2025,https://www.world-mining-data.info/wmd/downloads/PDF/WMD2025.pdf,"Sulfur table, 2023 world total."
Forestry,1949,1400000000,m3 output,Yearbook of forest products statistics - 1950,https://www.fao.org/4/x5357e/x5357e0b.htm,"The 1950 Yearbook estimates the world output of roundwood for 1949 at around 1,400 million m3."
Forestry,1961,2515974889.000000,m3 output,FAOSTAT Forestry_E_All_Data_(Normalized),http://fenixservices.fao.org/faostat/static/bulkdownloads/Forestry_E_All_Data_(Normalized).zip,Area=World; Item=Roundwood; Element=Production; Year=1961.
Forestry,1962,2526832421.000000,m3 output,FAOSTAT Forestry_E_All_Data_(Normalized),http://fenixservices.fao.org/faostat/static/bulkdownloads/Forestry_E_All_Data_(Normalized).zip,Area=World; Item=Roundwood; Element=Production; Year=1962.
Forestry,1963,2550688280.000000,m3 output,FAOSTAT Forestry_E_All_Data_(Normalized),http://fenixservices.fao.org/faostat/static/bulkdownloads/Forestry_E_All_Data_(Normalized).zip,Area=World; Item=Roundwood; Element=Production; Year=1963.
Forestry,1964,2624086293.000000,m3 output,FAOSTAT Forestry_E_All_Data_(Normalized),http://fenixservices.fao.org/faostat/static/bulkdownloads/Forestry_E_All_Data_(Normalized).zip,Area=World; Item=Roundwood; Element=Production; Year=1964.
Forestry,1965,2645396186.000000,m3 output,FAOSTAT Forestry_E_All_Data_(Normalized),http://fenixservices.fao.org/faostat/static/bulkdownloads/Forestry_E_All_Data_(Normalized).zip,Area=World; Item=Roundwood; Element=Production; Year=1965.
Forestry,1966,2679478220.000000,m3 output,FAOSTAT Forestry_E_All_Data_(Normalized),http://fenixservices.fao.org/faostat/static/bulkdownloads/Forestry_E_All_Data_(Normalized).zip,Area=World; Item=Roundwood; Element=Production; Year=1966.
Forestry,1967,2710650705.000000,m3 output,FAOSTAT Forestry_E_All_Data_(Normalized),http://fenixservices.fao.org/faostat/static/bulkdownloads/Forestry_E_All_Data_(Normalized).zip,Area=World; Item=Roundwood; Element=Production; Year=1967.
Forestry,1968,2737382671.000000,m3 output,FAOSTAT Forestry_E_All_Data_(Normalized),http://fenixservices.fao.org/faostat/static/bulkdownloads/Forestry_E_All_Data_(Normalized).zip,Area=World; Item=Roundwood; Element=Production; Year=1968.
Forestry,1969,2763116631.000000,m3 output,FAOSTAT Forestry_E_All_Data_(Normalized),http://fenixservices.fao.org/faostat/static/bulkdownloads/Forestry_E_All_Data_(Normalized).zip,Area=World; Item=Roundwood; Element=Production; Year=1969.
Forestry,1970,2818893308.000000,m3 output,FAOSTAT Forestry_E_All_Data_(Normalized),http://fenixservices.fao.org/faostat/static/bulkdownloads/Forestry_E_All_Data_(Normalized).zip,Area=World; Item=Roundwood; Element=Production; Year=1970.
Forestry,1971,2846882784.000000,m3 output,FAOSTAT Forestry_E_All_Data_(Normalized),http://fenixservices.fao.org/faostat/static/bulkdownloads/Forestry_E_All_Data_(Normalized).zip,Area=World; Item=Roundwood; Element=Production; Year=1971.
Forestry,1972,2854264910.000000,m3 output,FAOSTAT Forestry_E_All_Data_(Normalized),http://fenixservices.fao.org/faostat/static/bulkdownloads/Forestry_E_All_Data_(Normalized).zip,Area=World; Item=Roundwood; Element=Production; Year=1972.
Forestry,1973,2924477348.000000,m3 output,FAOSTAT Forestry_E_All_Data_(Normalized),http://fenixservices.fao.org/faostat/static/bulkdownloads/Forestry_E_All_Data_(Normalized).zip,Area=World; Item=Roundwood; Element=Production; Year=1973.
Forestry,1974,2935761885.000000,m3 output,FAOSTAT Forestry_E_All_Data_(Normalized),http://fenixservices.fao.org/faostat/static/bulkdownloads/Forestry_E_All_Data_(Normalized).zip,Area=World; Item=Roundwood; Element=Production; Year=1974.
Forestry,1975,2885903412.000000,m3 output,FAOSTAT Forestry_E_All_Data_(Normalized),http://fenixservices.fao.org/faostat/static/bulkdownloads/Forestry_E_All_Data_(Normalized).zip,Area=World; Item=Roundwood; Element=Production; Year=1975.
Forestry,1976,2984514340.000000,m3 output,FAOSTAT Forestry_E_All_Data_(Normalized),http://fenixservices.fao.org/faostat/static/bulkdownloads/Forestry_E_All_Data_(Normalized).zip,Area=World; Item=Roundwood; Element=Production; Year=1976.
Forestry,1977,3001268766.000000,m3 output,FAOSTAT Forestry_E_All_Data_(Normalized),http://fenixservices.fao.org/faostat/static/bulkdownloads/Forestry_E_All_Data_(Normalized).zip,Area=World; Item=Roundwood; Element=Production; Year=1977.
Forestry,1978,3054902344.000000,m3 output,FAOSTAT Forestry_E_All_Data_(Normalized),http://fenixservices.fao.org/faostat/static/bulkdownloads/Forestry_E_All_Data_(Normalized).zip,Area=World; Item=Roundwood; Element=Production; Year=1978.
Forestry,1979,3120085277.000000,m3 output,FAOSTAT Forestry_E_All_Data_(Normalized),http://fenixservices.fao.org/faostat/static/bulkdownloads/Forestry_E_All_Data_(Normalized).zip,Area=World; Item=Roundwood; Element=Production; Year=1979.
Forestry,1980,3129074849.000000,m3 output,FAOSTAT Forestry_E_All_Data_(Normalized),http://fenixservices.fao.org/faostat/static/bulkdownloads/Forestry_E_All_Data_(Normalized).zip,Area=World; Item=Roundwood; Element=Production; Year=1980.
Forestry,1981,3116455738.000000,m3 output,FAOSTAT Forestry_E_All_Data_(Normalized),http://fenixservices.fao.org/faostat/static/bulkdownloads/Forestry_E_All_Data_(Normalized).zip,Area=World; Item=Roundwood; Element=Production; Year=1981.
Forestry,1982,3117363257.000000,m3 output,FAOSTAT Forestry_E_All_Data_(Normalized),http://fenixservices.fao.org/faostat/static/bulkdownloads/Forestry_E_All_Data_(Normalized).zip,Area=World; Item=Roundwood; Element=Production; Year=1982.
Forestry,1983,3202923408.000000,m3 output,FAOSTAT Forestry_E_All_Data_(Normalized),http://fenixservices.fao.org/faostat/static/bulkdownloads/Forestry_E_All_Data_(Normalized).zip,Area=World; Item=Roundwood; Element=Production; Year=1983.
Forestry,1984,3288759134.000000,m3 output,FAOSTAT Forestry_E_All_Data_(Normalized),http://fenixservices.fao.org/faostat/static/bulkdownloads/Forestry_E_All_Data_(Normalized).zip,Area=World; Item=Roundwood; Element=Production; Year=1984.
Forestry,1985,3295359395.000000,m3 output,FAOSTAT Forestry_E_All_Data_(Normalized),http://fenixservices.fao.org/faostat/static/bulkdownloads/Forestry_E_All_Data_(Normalized).zip,Area=World; Item=Roundwood; Element=Production; Year=1985.
Forestry,1986,3373371435.000000,m3 output,FAOSTAT Forestry_E_All_Data_(Normalized),http://fenixservices.fao.org/faostat/static/bulkdownloads/Forestry_E_All_Data_(Normalized).zip,Area=World; Item=Roundwood; Element=Production; Year=1986.
Forestry,1987,3429108270.000000,m3 output,FAOSTAT Forestry_E_All_Data_(Normalized),http://fenixservices.fao.org/faostat/static/bulkdownloads/Forestry_E_All_Data_(Normalized).zip,Area=World; Item=Roundwood; Element=Production; Year=1987.
Forestry,1988,3466078103.000000,m3 output,FAOSTAT Forestry_E_All_Data_(Normalized),http://fenixservices.fao.org/faostat/static/bulkdownloads/Forestry_E_All_Data_(Normalized).zip,Area=World; Item=Roundwood; Element=Production; Year=1988.
Forestry,1989,3504672370.000000,m3 output,FAOSTAT Forestry_E_All_Data_(Normalized),http://fenixservices.fao.org/faostat/static/bulkdownloads/Forestry_E_All_Data_(Normalized).zip,Area=World; Item=Roundwood; Element=Production; Year=1989.
Forestry,1990,3539671466.000000,m3 output,FAOSTAT Forestry_E_All_Data_(Normalized),http://fenixservices.fao.org/faostat/static/bulkdownloads/Forestry_E_All_Data_(Normalized).zip,Area=World; Item=Roundwood; Element=Production; Year=1990.
Forestry,1991,3436087799.000000,m3 output,FAOSTAT Forestry_E_All_Data_(Normalized),http://fenixservices.fao.org/faostat/static/bulkdownloads/Forestry_E_All_Data_(Normalized).zip,Area=World; Item=Roundwood; Element=Production; Year=1991.
Forestry,1992,3345503887.000000,m3 output,FAOSTAT Forestry_E_All_Data_(Normalized),http://fenixservices.fao.org/faostat/static/bulkdownloads/Forestry_E_All_Data_(Normalized).zip,Area=World; Item=Roundwood; Element=Production; Year=1992.
Forestry,1993,3292929111.000000,m3 output,FAOSTAT Forestry_E_All_Data_(Normalized),http://fenixservices.fao.org/faostat/static/bulkdownloads/Forestry_E_All_Data_(Normalized).zip,Area=World; Item=Roundwood; Element=Production; Year=1993.
Forestry,1994,3285390012.000000,m3 output,FAOSTAT Forestry_E_All_Data_(Normalized),http://fenixservices.fao.org/faostat/static/bulkdownloads/Forestry_E_All_Data_(Normalized).zip,Area=World; Item=Roundwood; Element=Production; Year=1994.
Forestry,1995,3333717508.000000,m3 output,FAOSTAT Forestry_E_All_Data_(Normalized),http://fenixservices.fao.org/faostat/static/bulkdownloads/Forestry_E_All_Data_(Normalized).zip,Area=World; Item=Roundwood; Element=Production; Year=1995.
Forestry,1996,3301259333.000000,m3 output,FAOSTAT Forestry_E_All_Data_(Normalized),http://fenixservices.fao.org/faostat/static/bulkdownloads/Forestry_E_All_Data_(Normalized).zip,Area=World; Item=Roundwood; Element=Production; Year=1996.
Forestry,1997,3373238588.000000,m3 output,FAOSTAT Forestry_E_All_Data_(Normalized),http://fenixservices.fao.org/faostat/static/bulkdownloads/Forestry_E_All_Data_(Normalized).zip,Area=World; Item=Roundwood; Element=Production; Year=1997.
Forestry,1998,3347228653.000000,m3 output,FAOSTAT Forestry_E_All_Data_(Normalized),http://fenixservices.fao.org/faostat/static/bulkdownloads/Forestry_E_All_Data_(Normalized).zip,Area=World; Item=Roundwood; Element=Production; Year=1998.
Forestry,1999,3399383951.000000,m3 output,FAOSTAT Forestry_E_All_Data_(Normalized),http://fenixservices.fao.org/faostat/static/bulkdownloads/Forestry_E_All_Data_(Normalized).zip,Area=World; Item=Roundwood; Element=Production; Year=1999.
Forestry,2000,3477732100.000000,m3 output,FAOSTAT Forestry_E_All_Data_(Normalized),http://fenixservices.fao.org/faostat/static/bulkdownloads/Forestry_E_All_Data_(Normalized).zip,Area=World; Item=Roundwood; Element=Production; Year=2000.
Forestry,2001,3405319159.000000,m3 output,FAOSTAT Forestry_E_All_Data_(Normalized),http://fenixservices.fao.org/faostat/static/bulkdownloads/Forestry_E_All_Data_(Normalized).zip,Area=World; Item=Roundwood; Element=Production; Year=2001.
Forestry,2002,3463961583.000000,m3 output,FAOSTAT Forestry_E_All_Data_(Normalized),http://fenixservices.fao.org/faostat/static/bulkdownloads/Forestry_E_All_Data_(Normalized).zip,Area=World; Item=Roundwood; Element=Production; Year=2002.
Forestry,2003,3518016873.000000,m3 output,FAOSTAT Forestry_E_All_Data_(Normalized),http://fenixservices.fao.org/faostat/static/bulkdownloads/Forestry_E_All_Data_(Normalized).zip,Area=World; Item=Roundwood; Element=Production; Year=2003.
Forestry,2004,3579428952.000000,m3 output,FAOSTAT Forestry_E_All_Data_(Normalized),http://fenixservices.fao.org/faostat/static/bulkdownloads/Forestry_E_All_Data_(Normalized).zip,Area=World; Item=Roundwood; Element=Production; Year=2004.
Forestry,2005,3621137892.000000,m3 output,FAOSTAT Forestry_E_All_Data_(Normalized),http://fenixservices.fao.org/faostat/static/bulkdownloads/Forestry_E_All_Data_(Normalized).zip,Area=World; Item=Roundwood; Element=Production; Year=2005.
Forestry,2006,3581117882.000000,m3 output,FAOSTAT Forestry_E_All_Data_(Normalized),http://fenixservices.fao.org/faostat/static/bulkdownloads/Forestry_E_All_Data_(Normalized).zip,Area=World; Item=Roundwood; Element=Production; Year=2006.
Forestry,2007,3614860535.000000,m3 output,FAOSTAT Forestry_E_All_Data_(Normalized),http://fenixservices.fao.org/faostat/static/bulkdownloads/Forestry_E_All_Data_(Normalized).zip,Area=World; Item=Roundwood; Element=Production; Year=2007.
Forestry,2008,3499731794.000000,m3 output,FAOSTAT Forestry_E_All_Data_(Normalized),http://fenixservices.fao.org/faostat/static/bulkdownloads/Forestry_E_All_Data_(Normalized).zip,Area=World; Item=Roundwood; Element=Production; Year=2008.
Forestry,2009,3397581070.000000,m3 output,FAOSTAT Forestry_E_All_Data_(Normalized),http://fenixservices.fao.org/faostat/static/bulkdownloads/Forestry_E_All_Data_(Normalized).zip,Area=World; Item=Roundwood; Element=Production; Year=2009.
Forestry,2010,3586212895.000000,m3 output,FAOSTAT Forestry_E_All_Data_(Normalized),http://fenixservices.fao.org/faostat/static/bulkdownloads/Forestry_E_All_Data_(Normalized).zip,Area=World; Item=Roundwood; Element=Production; Year=2010.
Forestry,2011,3667095365.000000,m3 output,FAOSTAT Forestry_E_All_Data_(Normalized),http://fenixservices.fao.org/faostat/static/bulkdownloads/Forestry_E_All_Data_(Normalized).zip,Area=World; Item=Roundwood; Element=Production; Year=2011.
Forestry,2012,3679094711.000000,m3 output,FAOSTAT Forestry_E_All_Data_(Normalized),http://fenixservices.fao.org/faostat/static/bulkdownloads/Forestry_E_All_Data_(Normalized).zip,Area=World; Item=Roundwood; Element=Production; Year=2012.
Forestry,2013,3731870243.000000,m3 output,FAOSTAT Forestry_E_All_Data_(Normalized),http://fenixservices.fao.org/faostat/static/bulkdownloads/Forestry_E_All_Data_(Normalized).zip,Area=World; Item=Roundwood; Element=Production; Year=2013.
Forestry,2014,3762225623.000000,m3 output,FAOSTAT Forestry_E_All_Data_(Normalized),http://fenixservices.fao.org/faostat/static/bulkdownloads/Forestry_E_All_Data_(Normalized).zip,Area=World; Item=Roundwood; Element=Production; Year=2014.
Forestry,2015,3753858476.000000,m3 output,FAOSTAT Forestry_E_All_Data_(Normalized),http://fenixservices.fao.org/faostat/static/bulkdownloads/Forestry_E_All_Data_(Normalized).zip,Area=World; Item=Roundwood; Element=Production; Year=2015.
Forestry,2016,3850732675.000000,m3 output,FAOSTAT Forestry_E_All_Data_(Normalized),http://fenixservices.fao.org/faostat/static/bulkdownloads/Forestry_E_All_Data_(Normalized).zip,Area=World; Item=Roundwood; Element=Production; Year=2016.
Forestry,2017,3882626478.000000,m3 output,FAOSTAT Forestry_E_All_Data_(Normalized),http://fenixservices.fao.org/faostat/static/bulkdownloads/Forestry_E_All_Data_(Normalized).zip,Area=World; Item=Roundwood; Element=Production; Year=2017.
Forestry,2018,4001902099.000000,m3 output,FAOSTAT Forestry_E_All_Data_(Normalized),http://fenixservices.fao.org/faostat/static/bulkdownloads/Forestry_E_All_Data_(Normalized).zip,Area=World; Item=Roundwood; Element=Production; Year=2018.
Forestry,2019,3922176974.000000,m3 output,FAOSTAT Forestry_E_All_Data_(Normalized),http://fenixservices.fao.org/faostat/static/bulkdownloads/Forestry_E_All_Data_(Normalized).zip,Area=World; Item=Roundwood; Element=Production; Year=2019.
Forestry,2020,3910035729.000000,m3 output,FAOSTAT Forestry_E_All_Data_(Normalized),http://fenixservices.fao.org/faostat/static/bulkdownloads/Forestry_E_All_Data_(Normalized).zip,Area=World; Item=Roundwood; Element=Production; Year=2020.
Forestry,2021,4008747535.000000,m3 output,FAOSTAT Forestry_E_All_Data_(Normalized),http://fenixservices.fao.org/faostat/static/bulkdownloads/Forestry_E_All_Data_(Normalized).zip,Area=World; Item=Roundwood; Element=Production; Year=2021.
Forestry,2022,4011004923.000000,m3 output,FAOSTAT Forestry_E_All_Data_(Normalized),http://fenixservices.fao.org/faostat/static/bulkdownloads/Forestry_E_All_Data_(Normalized).zip,Area=World; Item=Roundwood; Element=Production; Year=2022.
Forestry,2023,3866407264.000000,m3 output,FAOSTAT Forestry_E_All_Data_(Normalized),http://fenixservices.fao.org/faostat/static/bulkdownloads/Forestry_E_All_Data_(Normalized).zip,Area=World; Item=Roundwood; Element=Production; Year=2023.
Forestry,2024,3904786583.000000,m3 output,FAOSTAT Forestry_E_All_Data_(Normalized),http://fenixservices.fao.org/faostat/static/bulkdownloads/Forestry_E_All_Data_(Normalized).zip,Area=World; Item=Roundwood; Element=Production; Year=2024.
