benchmark_state,benchmark_state_id,resource,historical_year,historical_quantity,historical_unit,peak_year,peak_quantity,peak_unit,source_a_title,source_a_url,source_a_locator,source_b_title,source_b_url,source_b_locator,sb_state,sb_resource,sb_hist_year,sb_hist_quantity,sb_hist_unit,sb_peak_year,sb_peak_quantity,sb_peak_unit,comment,benchmark_vanilla_cap
Lancashire (Great Britain coalfields proxy),STATE_LANCASHIRE,Coal Mine,1950,219796144.33677822,t output,,,,Statistical Summary 1950-1955,https://nora.nerc.ac.uk/id/eprint/535280/1/SS_1950_1955.pdf,"Coal table, 1950 row Great Britain mined coal total = 216,324,800 long tons.",Proxy-state rationale,,"Great Britain is too broad to use as a literal subregion, so the proxy is anchored to Lancashire as a classic large British coalfield state with a non-zero vanilla coal cap.",,,,,,,,,Exact 1950 coal output used as the comparator maximum.,100
Wallonia (Belgium coal core),STATE_WALLONIA,Coal Mine,1950,27320815.54596856,t output,,,,Statistical Summary 1950-1955,https://nora.nerc.ac.uk/id/eprint/535280/1/SS_1950_1955.pdf,"Coal table, 1950 row Belgium = 26,889,325 long tons.",Proxy-state rationale,,"Belgium's coal industry is concentrated in the Walloon basin, so Wallonia is the direct vanilla denominator.",,,,,,,,,Exact 1950 coal output used as the comparator maximum.,80
Bohemia (Czechoslovak coal core),STATE_BOHEMIA,Coal Mine,1950,45956817.7319328,t output,,,,Statistical Summary 1950-1955,https://nora.nerc.ac.uk/id/eprint/535280/1/SS_1950_1955.pdf,"Coal table, 1950 row Czechoslovakia bituminous + brown coal = 45,231,000 long tons.",Proxy-state rationale,,Czechoslovakia's 1950 total is proxied to Bohemia as the closest vanilla coal-and-industry state.,,,,,,,,,Exact 1950 coal output used as the comparator maximum.,48
Alsace-Lorraine (French coal core proxy),STATE_ALSACE_LORRAINE,Coal Mine,1950,52521436.862921976,t output,,,,Statistical Summary 1950-1955,https://nora.nerc.ac.uk/id/eprint/535280/1/SS_1950_1955.pdf,"Coal table, 1950 row France anthracite and bituminous + lignite = 51,691,941 long tons.",Proxy-state rationale,,"Vanilla lacks Nord-Pas-de-Calais, so the French coal denominator is routed through Alsace-Lorraine as the closest heavy-industrial northeast state.",,,,,,,,,Exact 1950 coal output used as the comparator maximum.,60
Westphalia (Ruhr proxy),STATE_WESTPHALIA,Coal Mine,1950,188157459.64365503,t output,,,,Statistical Summary 1950-1955,https://nora.nerc.ac.uk/id/eprint/535280/1/SS_1950_1955.pdf,"Coal table, 1950 row Germany Federal Republic bituminous + brown coal = 185,185,800 long tons.",Proxy-state rationale,,"The Ruhr is the intended German coal denominator, so Westphalia is the direct proxy.",,,,,,,,,Exact 1950 coal output used as the comparator maximum.,80
Saxony (East German brown-coal core proxy),STATE_SAXONY,Coal Mine,1950,141091321.8966944,t output,,,,Statistical Summary 1950-1955,https://nora.nerc.ac.uk/id/eprint/535280/1/SS_1950_1955.pdf,"Coal table, 1950 row Germany East bituminous + brown coal = 138,863,000 long tons.",Proxy-state rationale,,East Germany's lignite-heavy 1950 output is routed to Saxony as the closest eastern industrial coal state with a non-zero denominator.,,,,,,,,,Exact 1950 coal output used as the comparator maximum.,80
Austria,STATE_AUSTRIA,Coal Mine,1950,4490682.469590979,t output,,,,Statistical Summary 1950-1955,https://nora.nerc.ac.uk/id/eprint/535280/1/SS_1950_1955.pdf,"Coal table, 1950 row Austria bituminous + brown coal = 4,419,759 long tons.",Proxy-state rationale,,Austria is used directly because vanilla assigns it a non-zero coal ceiling.,,,,,,,,,Exact 1950 coal output used as the comparator maximum.,44
Upper Silesia (Polish coal core),STATE_UPPER_SILESIA,Coal Mine,1950,82841352.61519039,t output,,,,Statistical Summary 1950-1955,https://nora.nerc.ac.uk/id/eprint/535280/1/SS_1950_1955.pdf,"Coal table, 1950 row Poland bituminous + brown coal = 81,533,000 long tons.",Proxy-state rationale,,Upper Silesia is the direct Polish coal denominator in vanilla.,,,,,,,,,Exact 1950 coal output used as the comparator maximum.,110
Asturias (Spanish coal core proxy),STATE_ASTURIAS,Coal Mine,1950,12433411.745096495,t output,,,,Statistical Summary 1950-1955,https://nora.nerc.ac.uk/id/eprint/535280/1/SS_1950_1955.pdf,"Coal table, 1950 row Spain anthracite + bituminous + lignite = 12,237,045 long tons.",Proxy-state rationale,,Spain's coal is routed to Asturias as the closest vanilla northern coal basin.,,,,,,,,,Exact 1950 coal output used as the comparator maximum.,72
New South Wales,STATE_NEW_SOUTH_WALES,Coal Mine,1950,18334326.68222552,t output,,,,Statistical Summary 1950-1955,https://nora.nerc.ac.uk/id/eprint/535280/1/SS_1950_1955.pdf,"Coal table, 1950 row Australia bituminous + sub-bituminous = 18,044,764 long tons.",Proxy-state rationale,,"The Australian black-coal denominator is New South Wales, the dominant east-coast coal state.",,,,,,,,,Exact 1950 coal output used as the comparator maximum.,80
Alberta (Canadian coal core proxy),STATE_ALBERTA,Coal Mine,1950,17362709.472653527,t output,,,,Statistical Summary 1950-1955,https://nora.nerc.ac.uk/id/eprint/535280/1/SS_1950_1955.pdf,"Coal table, 1950 row Canada bituminous + sub-bituminous + lignite = 17,088,492 long tons.",Proxy-state rationale,,Canada's 1950 coal total is routed to Alberta as the strongest vanilla coal state proxy.,,,,,,,,,Exact 1950 coal output used as the comparator maximum.,48
Bihar,STATE_BIHAR,Coal Mine,1950,32825916.20116473,t output,,,,Statistical Summary 1950-1955,https://nora.nerc.ac.uk/id/eprint/535280/1/SS_1950_1955.pdf,"Coal table, 1950 row India = 32,307,481 long tons.",Proxy-state rationale,,Bihar is the direct vanilla coal-core state for the Indian coal belt.,,,,,,,,,Exact 1950 coal output used as the comparator maximum.,81
Shanxi,STATE_SHANXI,Coal Mine,1950,39625829.4432,t output,,,,Statistical Summary 1950-1955,https://nora.nerc.ac.uk/id/eprint/535280/1/SS_1950_1955.pdf,"Coal table, 1950 row China = 39,000,000 long tons.",Proxy-state rationale,,Shanxi is the direct vanilla denominator for north China coal.,,,,,,,,,Exact 1950 coal output used as the comparator maximum.,116
Kyushu,STATE_KYUSHU,Coal Mine,1950,39744706.9315296,t output,,,,Statistical Summary 1950-1955,https://nora.nerc.ac.uk/id/eprint/535280/1/SS_1950_1955.pdf,"Coal table, 1950 row Japan anthracite + bituminous + lignite = 39,117,000 long tons.",Proxy-state rationale,,Kyushu is the natural Japanese coal-core proxy in vanilla.,,,,,,,,,Exact 1950 coal output used as the comparator maximum.,72
Kastamonu (Turkish coal core proxy),STATE_KASTAMONU,Coal Mine,1950,5564105.547330915,t output,,,,Statistical Summary 1950-1955,https://nora.nerc.ac.uk/id/eprint/535280/1/SS_1950_1955.pdf,"Coal table, 1950 row Turkey bituminous + lignite = 5,476,229 long tons.",Proxy-state rationale,,"Vanilla lacks Zonguldak, so Kastamonu is used as the nearest northern Anatolian coal state.",,,,,,,,,Exact 1950 coal output used as the comparator maximum.,72
Rio Grande do Sul,STATE_RIO_GRANDE_DO_SUL,Coal Mine,1950,1983062.4419220383,t output,,,,Statistical Summary 1950-1955,https://nora.nerc.ac.uk/id/eprint/535280/1/SS_1950_1955.pdf,"Coal table, 1950 row Brazil = 1,951,743 long tons.",Proxy-state rationale,,"Southern Brazilian coal is proxied to Rio Grande do Sul, the closest vanilla coal-bearing state.",,,,,,,,,Exact 1950 coal output used as the comparator maximum.,28
Los Rios (Chilean south-coal proxy),STATE_LOS_RIOS,Coal Mine,1950,2180922.3367072064,t output,,,,Statistical Summary 1950-1955,https://nora.nerc.ac.uk/id/eprint/535280/1/SS_1950_1955.pdf,"Coal table, 1950 row Chile bituminous = 2,146,478 long tons.",Proxy-state rationale,,Vanilla lacks a dedicated south-central Chile coal state; Los Rios is the closest denominator with a non-zero coal cap.,,,,,,,,,Exact 1950 coal output used as the comparator maximum.,60
East Hausaland (Nigerian coal proxy),STATE_EAST_HAUSALAND,Coal Mine,1950,592597.1669946944,t output,,,,Statistical Summary 1950-1955,https://nora.nerc.ac.uk/id/eprint/535280/1/SS_1950_1955.pdf,"Coal table, 1950 row Nigeria = 583,238 long tons.",Proxy-state rationale,,Nigerian coal is routed to East Hausaland as the closest northern Nigerian vanilla state with a coal denominator.,,,,,,,,,Exact 1950 coal output used as the comparator maximum.,72
Zambia (Southern Rhodesian coal proxy),STATE_ZAMBIA,Coal Mine,1950,2128111.2665285086,t output,,,,Statistical Summary 1950-1955,https://nora.nerc.ac.uk/id/eprint/535280/1/SS_1950_1955.pdf,"Coal table, 1950 row Southern Rhodesia = 2,094,501 long tons.",Proxy-state rationale,,Southern Rhodesia's 1950 coal output is used as a central-southern African coal comparator and is routed to Zambia as the nearest non-SB vanilla coal state.,,,,,,,,,Exact 1950 coal output used as the comparator maximum.,36
Malaya,STATE_MALAYA,Coal Mine,1950,422448.93560013757,t output,,,,Statistical Summary 1950-1955,https://nora.nerc.ac.uk/id/eprint/535280/1/SS_1950_1955.pdf,"Coal table, 1950 row Malaya = 415,777 long tons.",Proxy-state rationale,,Malayan coal is proxied directly to vanilla Malaya.,,,,,,,,,Exact 1950 coal output used as the comparator maximum.,32
Norrland,STATE_NORRLAND,Iron Mine,1950,13611027.385193145,t output,,,,Statistical Summary 1950-1955,https://nora.nerc.ac.uk/id/eprint/535280/1/SS_1950_1955.pdf,"Iron ore table, 1950 row Sweden = 13,396,062 long tons of ore.",Proxy-state rationale,,Norrland is the direct vanilla iron-core denominator.,,,,,,,,,Exact 1950 iron-ore output used as the comparator maximum.,100
Lorraine,STATE_LORRAINE,Iron Mine,1950,30015816.976652212,t output,,,,Statistical Summary 1950-1955,https://nora.nerc.ac.uk/id/eprint/535280/1/SS_1950_1955.pdf,"Iron ore table, 1950 row France = 29,541,763 long tons of ore.",Proxy-state rationale,,Lorraine is the direct French iron-ore denominator in vanilla.,,,,,,,,,Exact 1950 iron-ore output used as the comparator maximum.,60
Westphalia (Federal German ore proxy),STATE_WESTPHALIA,Iron Mine,1950,10883264.537982143,t output,,,,Statistical Summary 1950-1955,https://nora.nerc.ac.uk/id/eprint/535280/1/SS_1950_1955.pdf,"Iron ore table, 1950 row Germany Federal Republic = 10,711,380 long tons of ore.",Proxy-state rationale,,Westphalia is used as the German heavy-industry iron denominator.,,,,,,,,,Exact 1950 iron-ore output used as the comparator maximum.,36
Styria (Austrian ore proxy),STATE_STYRIA,Iron Mine,1950,1859412.5812618046,t output,,,,Statistical Summary 1950-1955,https://nora.nerc.ac.uk/id/eprint/535280/1/SS_1950_1955.pdf,"Iron ore table, 1950 row Austria = 1,830,046 long tons of ore.",Proxy-state rationale,,"Vanilla Austria itself has no iron cap, so the Austrian ore denominator is routed through Styria.",,,,,,,,,Exact 1950 iron-ore output used as the comparator maximum.,24
Bohemia,STATE_BOHEMIA,Iron Mine,1950,1784178.3718527998,t output,,,,Statistical Summary 1950-1955,https://nora.nerc.ac.uk/id/eprint/535280/1/SS_1950_1955.pdf,"Iron ore table, 1950 row Czechoslovakia = 1,756,000 long tons of ore.",Proxy-state rationale,,Bohemia is the closest vanilla iron-bearing Czech state.,,,,,,,,,Exact 1950 iron-ore output used as the comparator maximum.,45
Sierra Leone,STATE_SIERRA_LEONE,Iron Mine,1950,1183734.274581443,t output,,,,Statistical Summary 1950-1955,https://nora.nerc.ac.uk/id/eprint/535280/1/SS_1950_1955.pdf,"Iron ore table, 1950 row Sierra Leone = 1,165,039 long tons of ore.",Proxy-state rationale,,Sierra Leone is a direct vanilla iron-ore state.,,,,,,,,,Exact 1950 iron-ore output used as the comparator maximum.,36
Quebec (Canadian ore core proxy),STATE_QUEBEC,Iron Mine,1950,3270637.7266297503,t output,,,,Statistical Summary 1950-1955,https://nora.nerc.ac.uk/id/eprint/535280/1/SS_1950_1955.pdf,"Iron ore table, 1950 row Canada = 3,218,983 long tons of ore.",Proxy-state rationale,,Canadian ore is routed to Quebec as the nearest Labrador-Quebec iron core in vanilla.,,,,,,,,,Exact 1950 iron-ore output used as the comparator maximum.,60
Orissa (Indian ore core proxy),STATE_ORISSA,Iron Mine,1950,3012776.197692307,t output,,,,Statistical Summary 1950-1955,https://nora.nerc.ac.uk/id/eprint/535280/1/SS_1950_1955.pdf,"Iron ore table, 1950 row India = 2,965,194 long tons of ore.",Proxy-state rationale,,Orissa is used as the Indian iron-core denominator.,,,,,,,,,Exact 1950 iron-ore output used as the comparator maximum.,36
Western Australia,STATE_WESTERN_AUSTRALIA,Iron Mine,1950,2402645.109192451,t output,,,,Statistical Summary 1950-1955,https://nora.nerc.ac.uk/id/eprint/535280/1/SS_1950_1955.pdf,"Iron ore table, 1950 row Australia = 2,364,699 long tons of ore.",Proxy-state rationale,,Western Australia is the best vanilla iron denominator for Australian ore.,,,,,,,,,Exact 1950 iron-ore output used as the comparator maximum.,30
Upper Silesia,STATE_UPPER_SILESIA,Iron Mine,1950,792516.5888639999,t output,,,,Statistical Summary 1950-1955,https://nora.nerc.ac.uk/id/eprint/535280/1/SS_1950_1955.pdf,"Iron ore table, 1950 row Poland = 780,000 long tons of ore.",Proxy-state rationale,,Upper Silesia is the direct Polish heavy-industry denominator.,,,,,,,,,Exact 1950 iron-ore output used as the comparator maximum.,40
Basque Country (Spanish ore proxy),STATE_BASQUE_COUNTRY,Iron Mine,1950,2121294.6078173695,t output,,,,Statistical Summary 1950-1955,https://nora.nerc.ac.uk/id/eprint/535280/1/SS_1950_1955.pdf,"Iron ore table, 1950 row Spain = 2,087,792 long tons of ore.",Proxy-state rationale,,The Spanish 1950 ore total is proxied to the Basque Country as the strongest vanilla mining/industry state.,,,,,,,,,Exact 1950 iron-ore output used as the comparator maximum.,65
Jalisco (Mexican ore proxy),STATE_JALISCO,Iron Mine,1950,419627.37333439995,t output,,,,Statistical Summary 1950-1955,https://nora.nerc.ac.uk/id/eprint/535280/1/SS_1950_1955.pdf,"Iron ore table, 1950 row Mexico = 413,000 long tons of ore.",Proxy-state rationale,,Mexico's 1950 ore total is routed to Jalisco as a non-zero vanilla iron state proxy.,,,,,,,,,Exact 1950 iron-ore output used as the comparator maximum.,33
Minas Gerais,STATE_MINAS_GERAIS,Iron Mine,1950,1987424.3313015166,t output,,,,Statistical Summary 1950-1955,https://nora.nerc.ac.uk/id/eprint/535280/1/SS_1950_1955.pdf,"Iron ore table, 1950 row Brazil = 1,956,036 long tons of ore.",Proxy-state rationale,,Minas Gerais is the direct Brazilian iron-core denominator.,,,,,,,,,Exact 1950 iron-ore output used as the comparator maximum.,45
Antofagasta (Chilean ore proxy),STATE_ANTOFAGASTA,Iron Mine,1950,2953232.800695901,t output,,,,Statistical Summary 1950-1955,https://nora.nerc.ac.uk/id/eprint/535280/1/SS_1950_1955.pdf,"Iron ore table, 1950 row Chile = 2,906,591 long tons of ore.",Proxy-state rationale,,Northern Chilean iron is routed to Antofagasta as the closest non-zero vanilla iron state.,,,,,,,,,Exact 1950 iron-ore output used as the comparator maximum.,30
Constantine (Tunisian ore proxy),STATE_CONSTANTINE,Iron Mine,1950,757869.38927392,t output,,,,Statistical Summary 1950-1955,https://nora.nerc.ac.uk/id/eprint/535280/1/SS_1950_1955.pdf,"Iron ore table, 1950 row Tunis = 745,900 long tons of ore.",Proxy-state rationale,,"Vanilla Tunisia has no iron cap, so the Tunisian ore denominator is routed through nearby Constantine.",,,,,,,,,Exact 1950 iron-ore output used as the comparator maximum.,55
Inner Morocco,STATE_INNER_MOROCCO,Iron Mine,1950,321071.83922770876,t output,,,,Statistical Summary 1950-1955,https://nora.nerc.ac.uk/id/eprint/535280/1/SS_1950_1955.pdf,"Iron ore table, 1950 row Morocco (French) = 316,001 long tons of ore.",Proxy-state rationale,,French Moroccan ore is proxied to Inner Morocco.,,,,,,,,,Exact 1950 iron-ore output used as the comparator maximum.,30
Shanxi,STATE_SHANXI,Iron Mine,1950,3048140.7263999996,t output,,,,Statistical Summary 1950-1955,https://nora.nerc.ac.uk/id/eprint/535280/1/SS_1950_1955.pdf,"Iron ore table, 1950 row China = 3,000,000 long tons of ore.",Proxy-state rationale,,Shanxi serves as the Chinese north-interior ore denominator.,,,,,,,,,Exact 1950 iron-ore output used as the comparator maximum.,96
Hokkaido (Japanese ore proxy),STATE_HOKKAIDO,Iron Mine,1950,927263.7138621472,t output,,,,Statistical Summary 1950-1955,https://nora.nerc.ac.uk/id/eprint/535280/1/SS_1950_1955.pdf,"Iron ore table, 1950 row Japan = 912,619 long tons of ore.",Proxy-state rationale,,Japan's 1950 ore total is routed to Hokkaido as a non-zero vanilla iron state.,,,,,,,,,Exact 1950 iron-ore output used as the comparator maximum.,33
Luzon (Philippine ore proxy),STATE_LUZON,Iron Mine,1950,599094.7869764704,t output,,,,Statistical Summary 1950-1955,https://nora.nerc.ac.uk/id/eprint/535280/1/SS_1950_1955.pdf,"Iron ore table, 1950 row Philippine Republic = 589,633 long tons of ore.",Proxy-state rationale,,The Philippine ore denominator is routed to Luzon as the primary vanilla state.,,,,,,,,,Exact 1950 iron-ore output used as the comparator maximum.,24
Erzurum (Turkish ore proxy),STATE_ERZURUM,Iron Mine,1950,233591.21642693758,t output,,,,Statistical Summary 1950-1955,https://nora.nerc.ac.uk/id/eprint/535280/1/SS_1950_1955.pdf,"Iron ore table, 1950 row Turkey = 229,902 long tons of ore.",Proxy-state rationale,,Turkey's ore total is routed to Erzurum as the nearest non-zero vanilla iron state.,,,,,,,,,Exact 1950 iron-ore output used as the comparator maximum.,30
South Australia (Australian lead core proxy),STATE_SOUTH_AUSTRALIA,Lead Mine,1950,222384.21902287359,t output,,,,Statistical Summary 1950-1955,https://nora.nerc.ac.uk/id/eprint/535280/1/SS_1950_1955.pdf,"Lead ore table, 1950 row Australia = 218,872 long tons metal content.",Proxy-state rationale,,Australian 1950 lead output is routed to South Australia as the strongest non-zero vanilla lead state.,,,,,,,,,Exact 1950 lead-ore metal content used as the comparator maximum.,36
New Brunswick (Canadian lead core proxy),STATE_NEW_BRUNSWICK,Lead Mine,1950,150318.0438755072,t output,,,,Statistical Summary 1950-1955,https://nora.nerc.ac.uk/id/eprint/535280/1/SS_1950_1955.pdf,"Lead ore table, 1950 row Canada = 147,944 long tons metal content.",Proxy-state rationale,,Canadian lead is routed to New Brunswick as the closest non-zero vanilla lead denominator.,,,,,,,,,Exact 1950 lead-ore metal content used as the comparator maximum.,54
Rhineland (Federal German lead proxy),STATE_RHINELAND,Lead Mine,1950,44939.754776224,t output,,,,Statistical Summary 1950-1955,https://nora.nerc.ac.uk/id/eprint/535280/1/SS_1950_1955.pdf,"Lead ore table, 1950 row Germany Federal Republic = 44,230 long tons metal content.",Proxy-state rationale,,"Westphalia has no lead denominator in vanilla, so the Federal German lead row is routed through the Rhineland.",,,,,,,,,Exact 1950 lead-ore metal content used as the comparator maximum.,30
Sardinia (Italian lead core proxy),STATE_SARDINIA,Lead Mine,1950,38448.231075900796,t output,,,,Statistical Summary 1950-1955,https://nora.nerc.ac.uk/id/eprint/535280/1/SS_1950_1955.pdf,"Lead ore table, 1950 row Italy = 37,841 long tons metal content.",Proxy-state rationale,,Sardinia is the best non-zero Italian lead state in vanilla.,,,,,,,,,Exact 1950 lead-ore metal content used as the comparator maximum.,21
Upper Andalusia (Spanish lead core proxy),STATE_UPPER_ANDALUSIA,Lead Mine,1950,39456.149609430395,t output,,,,Statistical Summary 1950-1955,https://nora.nerc.ac.uk/id/eprint/535280/1/SS_1950_1955.pdf,"Lead ore table, 1950 row Spain = 38,833 long tons metal content.",Proxy-state rationale,,"Southern Spain is the intended lead denominator, so the Spanish total is routed through Upper Andalusia.",,,,,,,,,Exact 1950 lead-ore metal content used as the comparator maximum.,46
Svealand (Swedish lead proxy),STATE_SVEALAND,Lead Mine,1950,22673.086769872,t output,,,,Statistical Summary 1950-1955,https://nora.nerc.ac.uk/id/eprint/535280/1/SS_1950_1955.pdf,"Lead ore table, 1950 row Sweden = 22,315 long tons metal content.",Proxy-state rationale,,Svealand is used as the nearest non-zero vanilla lead denominator for Sweden.,,,,,,,,,Exact 1950 lead-ore metal content used as the comparator maximum.,18
Bosnia (Yugoslav lead core proxy),STATE_BOSNIA,Lead Mine,1950,86034.78804954879,t output,,,,Statistical Summary 1950-1955,https://nora.nerc.ac.uk/id/eprint/535280/1/SS_1950_1955.pdf,"Lead ore table, 1950 row Yugoslavia = 84,676 long tons metal content.",Proxy-state rationale,,Bosnia is the closest vanilla lead state for the Yugoslav ore belt.,,,,,,,,,Exact 1950 lead-ore metal content used as the comparator maximum.,39
Inner Morocco,STATE_INNER_MOROCCO,Lead Mine,1950,48213.4579163776,t output,,,,Statistical Summary 1950-1955,https://nora.nerc.ac.uk/id/eprint/535280/1/SS_1950_1955.pdf,"Lead ore table, 1950 row Morocco (French) = 47,452 long tons metal content.",Proxy-state rationale,,French Moroccan lead is mapped directly to Inner Morocco.,,,,,,,,,Exact 1950 lead-ore metal content used as the comparator maximum.,30
Tunisia,STATE_TUNISIA,Lead Mine,1950,19265.2654377568,t output,,,,Statistical Summary 1950-1955,https://nora.nerc.ac.uk/id/eprint/535280/1/SS_1950_1955.pdf,"Lead ore table, 1950 row Tunis = 18,961 long tons metal content.",Proxy-state rationale,,Tunisian lead is mapped directly to Tunisia.,,,,,,,,,Exact 1950 lead-ore metal content used as the comparator maximum.,15
Missouri (United States lead core proxy),STATE_MISSOURI,Lead Mine,1950,390839.7162673696,t output,,,,Statistical Summary 1950-1955,https://nora.nerc.ac.uk/id/eprint/535280/1/SS_1950_1955.pdf,"Lead ore table, 1950 row United States = 384,667 long tons metal content.",Proxy-state rationale,,U.S. lead is routed to Missouri as the vanilla state's direct lead-belt analogue.,,,,,,,,,Exact 1950 lead-ore metal content used as the comparator maximum.,36
Kyushu (Japanese lead proxy),STATE_KYUSHU,Lead Mine,1950,10889.990768518399,t output,,,,Statistical Summary 1950-1955,https://nora.nerc.ac.uk/id/eprint/535280/1/SS_1950_1955.pdf,"Lead ore table, 1950 row Japan = 10,718 long tons metal content.",Proxy-state rationale,,Kyushu is the best non-zero Japanese lead state.,,,,,,,,,Exact 1950 lead-ore metal content used as the comparator maximum.,36
Erzurum (Turkish lead proxy),STATE_ERZURUM,Lead Mine,1950,193.04891267199997,t output,,,,Statistical Summary 1950-1955,https://nora.nerc.ac.uk/id/eprint/535280/1/SS_1950_1955.pdf,"Lead ore table, 1950 row Turkey = 190 long tons metal content.",Proxy-state rationale,,Turkey's small 1950 lead output is routed to Erzurum as the nearest non-zero eastern Anatolian lead state.,,,,,,,,,Exact 1950 lead-ore metal content used as the comparator maximum.,36
West Country (Portuguese lead proxy),STATE_WEST_COUNTRY,Lead Mine,1950,1310.7005123519998,t output,,,,Statistical Summary 1950-1955,https://nora.nerc.ac.uk/id/eprint/535280/1/SS_1950_1955.pdf,"Lead ore table, 1950 row Portugal = 1,290 long tons metal content.",Proxy-state rationale,,"Alentejo has no lead denominator in vanilla, so the small Portuguese lead row is routed to the closest western European lead state with a non-zero cap.",,,,,,,,,Exact 1950 lead-ore metal content used as the comparator maximum.,60
Styria (Austrian lead proxy),STATE_STYRIA,Lead Mine,1950,4602.692496864,t output,,,,Statistical Summary 1950-1955,https://nora.nerc.ac.uk/id/eprint/535280/1/SS_1950_1955.pdf,"Lead ore table, 1950 row Austria = 4,530 long tons metal content.",Proxy-state rationale,,Austria's 1950 lead output is routed through Styria because the Austria package has no lead denominator.,,,,,,,,,Exact 1950 lead-ore metal content used as the comparator maximum.,24
Lorraine (French lead proxy),STATE_LORRAINE,Lead Mine,1950,12430.3178822592,t output,,,,Statistical Summary 1950-1955,https://nora.nerc.ac.uk/id/eprint/535280/1/SS_1950_1955.pdf,"Lead ore table, 1950 row France = 12,234 long tons metal content.",Proxy-state rationale,,France's 1950 lead output is routed to Lorraine as the strongest non-zero French lead state.,,,,,,,,,Exact 1950 lead-ore metal content used as the comparator maximum.,45
Upper Silesia,STATE_UPPER_SILESIA,Lead Mine,1950,20320.938176,t output,,,,Statistical Summary 1950-1955,https://nora.nerc.ac.uk/id/eprint/535280/1/SS_1950_1955.pdf,"Lead ore table, 1950 row Poland = 20,000 long tons metal content.",Proxy-state rationale,,Upper Silesia is the direct Polish lead denominator.,,,,,,,,,Exact 1950 lead-ore metal content used as the comparator maximum.,50
Attica (Greek lead proxy),STATE_ATTICA,Lead Mine,1950,948.9878128191999,t output,,,,Statistical Summary 1950-1955,https://nora.nerc.ac.uk/id/eprint/535280/1/SS_1950_1955.pdf,"Lead ore table, 1950 row Greece = 934 long tons metal content.",Proxy-state rationale,,Attica is used as the nearest non-zero vanilla lead denominator for Greece.,,,,,,,,,Exact 1950 lead-ore metal content used as the comparator maximum.,21
Zambia (Northern Rhodesian lead proxy),STATE_ZAMBIA,Lead Mine,1950,13904.601946927998,t output,,,,Statistical Summary 1950-1955,https://nora.nerc.ac.uk/id/eprint/535280/1/SS_1950_1955.pdf,"Lead ore table, 1950 row Northern Rhodesia = 13,685 long tons metal content.",Proxy-state rationale,,Northern Rhodesian lead is routed to Zambia as the direct vanilla state.,,,,,,,,,Exact 1950 lead-ore metal content used as the comparator maximum.,33
Nigeria (Nigerian lead proxy),STATE_NIGERIA,Lead Mine,1950,12.1925629056,t output,,,,Statistical Summary 1950-1955,https://nora.nerc.ac.uk/id/eprint/535280/1/SS_1950_1955.pdf,"Lead ore table, 1950 row Nigeria = 12 long tons metal content.",Proxy-state rationale,,Nigeria's small 1950 lead output is routed directly to the Nigerian lead state.,,,,,,,,,Exact 1950 lead-ore metal content used as the comparator maximum.,45
West Country (British lead proxy),STATE_WEST_COUNTRY,Lead Mine,1950,3340.7622361343997,t output,,,,Statistical Summary 1950-1955,https://nora.nerc.ac.uk/id/eprint/535280/1/SS_1950_1955.pdf,"Lead ore table, 1950 row Great Britain = 3,288 long tons metal content.",Proxy-state rationale,,The British lead row is routed to the West Country as the closest classic British lead denominator in vanilla.,,,,,,,,,Exact 1950 lead-ore metal content used as the comparator maximum.,60
Texas (U.S. crude sulfur core),STATE_TEXAS,Sulfur Mine,1950,5275502.503120819,t output,,,,Statistical Summary 1950-1955,https://nora.nerc.ac.uk/id/eprint/535280/1/SS_1950_1955.pdf,"Sulphur table, 1950 row United States crude sulphur = 5,192,184 long tons industrially usable sulphur.",Proxy-state rationale,,Texas is the direct Gulf-Coast Frasch sulfur proxy in vanilla.,,,,,,,,,Exact 1950 industrial sulphur stream used as the comparator maximum.,36
Louisiana (U.S. by-product sulfur proxy),STATE_LOUISIANA,Sulfur Mine,1950,407955.02644610556,t output,,,,Statistical Summary 1950-1955,https://nora.nerc.ac.uk/id/eprint/535280/1/SS_1950_1955.pdf,"Sulphur table, 1950 row United States smelter gas + by-product sulphur + hydrogen sulphide + sulphur ore = 401,512 long tons industrially usable sulphur.",Proxy-state rationale,,Louisiana is used as the secondary U.S. Gulf industrial-sulfur denominator for non-crude recovery streams.,,,,,,,,,Exact 1950 industrial sulphur stream used as the comparator maximum.,32
Florida (U.S. recovered sulfur proxy),STATE_FLORIDA,Sulfur Mine,1950,144761.28333128,t output,,,,Statistical Summary 1950-1955,https://nora.nerc.ac.uk/id/eprint/535280/1/SS_1950_1955.pdf,"Sulphur table, 1950 row United States by-product sulphur = 142,475 long tons industrially usable sulphur.",Proxy-state rationale,,A third U.S. sulfur comparator is kept to represent recovered industrial sulfur outside the Frasch core.,,,,,,,,,Exact 1950 industrial sulphur stream used as the comparator maximum.,42
Sicily,STATE_SICILY,Sulfur Mine,1950,1744570.8312539582,t output,,,,Statistical Summary 1950-1955,https://nora.nerc.ac.uk/id/eprint/535280/1/SS_1950_1955.pdf,"Sulphur table, 1950 row Italy sulphur rock = 1,717,018 long tons industrially usable sulphur.",Proxy-state rationale,,Sicily is the direct classic sulfur denominator in vanilla.,,,,,,,,,Exact 1950 industrial sulphur stream used as the comparator maximum.,100
Lorraine (French sulfur proxy),STATE_LORRAINE,Sulfur Mine,1950,142495.49872465598,t output,,,,Statistical Summary 1950-1955,https://nora.nerc.ac.uk/id/eprint/535280/1/SS_1950_1955.pdf,"Sulphur table, 1950 row France sulphur rock = 140,245 long tons industrially usable sulphur.",Proxy-state rationale,,French sulfur rock is routed to Lorraine as the strongest non-zero industrial northeast sulfur state.,,,,,,,,,Exact 1950 industrial sulphur stream used as the comparator maximum.,40
Midlands (British industrial sulfur proxy),STATE_MIDLANDS,Sulfur Mine,1950,255678.04413043198,t output,,,,Statistical Summary 1950-1955,https://nora.nerc.ac.uk/id/eprint/535280/1/SS_1950_1955.pdf,"Sulphur table, 1950 row United Kingdom spent oxide + hydrogen sulphide = 251,640 long tons industrially usable sulphur.",Proxy-state rationale,,The British industrial sulfur total is routed to the Midlands as the closest heavy chemical proxy.,,,,,,,,,Exact 1950 industrial sulphur stream used as the comparator maximum.,40
South Australia,STATE_SOUTH_AUSTRALIA,Sulfur Mine,1950,114986.02866889599,t output,,,,Statistical Summary 1950-1955,https://nora.nerc.ac.uk/id/eprint/535280/1/SS_1950_1955.pdf,"Sulphur table, 1950 row Australia sulphur recoverable from zinc concentrates + spent oxide = 113,170 long tons industrially usable sulphur.",Proxy-state rationale,,South Australia is the non-zero Australian sulfur denominator.,,,,,,,,,Exact 1950 industrial sulphur stream used as the comparator maximum.,60
Western Norway,STATE_WESTERN_NORWAY,Sulfur Mine,1950,96190.17690300479,t output,,,,Statistical Summary 1950-1955,https://nora.nerc.ac.uk/id/eprint/535280/1/SS_1950_1955.pdf,"Sulphur table, 1950 row Norway recovered from pyrites = 94,671 long tons industrially usable sulphur.",Proxy-state rationale,,Western Norway is the closest Norwegian sulfur proxy with a non-zero vanilla cap.,,,,,,,,,Exact 1950 industrial sulphur stream used as the comparator maximum.,20
Alentejo,STATE_ALENTEJO,Sulfur Mine,1950,14429.898198777599,t output,,,,Statistical Summary 1950-1955,https://nora.nerc.ac.uk/id/eprint/535280/1/SS_1950_1955.pdf,"Sulphur table, 1950 row Portugal recovered from pyrites = 14,202 long tons industrially usable sulphur.",Proxy-state rationale,,Alentejo is the Portuguese sulfur denominator.,,,,,,,,,Exact 1950 industrial sulphur stream used as the comparator maximum.,22
Lower Andalusia (Spanish sulfur proxy),STATE_LOWER_ANDALUSIA,Sulfur Mine,1950,91839.4640395232,t output,,,,Statistical Summary 1950-1955,https://nora.nerc.ac.uk/id/eprint/535280/1/SS_1950_1955.pdf,"Sulphur table, 1950 row Spain sulphur rock + refined sulphur = 90,389 long tons industrially usable sulphur.",Proxy-state rationale,,"Catalonia has no sulfur denominator in vanilla, so Spain is routed to Lower Andalusia as the nearest non-zero sulfur state.",,,,,,,,,Exact 1950 industrial sulphur stream used as the comparator maximum.,44
Hesse (Swedish sulfur proxy),STATE_HESSE,Sulfur Mine,1950,14637.171768172799,t output,,,,Statistical Summary 1950-1955,https://nora.nerc.ac.uk/id/eprint/535280/1/SS_1950_1955.pdf,"Sulphur table, 1950 row Sweden sulphur = 14,406 long tons industrially usable sulphur.",Proxy-state rationale,,Sweden's pyrite-derived sulfur is kept as a low-output European sulfur comparator and routed through Hesse as a non-zero chemical-industry sulfur state.,,,,,,,,,Exact 1950 industrial sulphur stream used as the comparator maximum.,40
California (Mexican sulfur proxy),STATE_CALIFORNIA,Sulfur Mine,1950,9754.050324479998,t output,,,,Statistical Summary 1950-1955,https://nora.nerc.ac.uk/id/eprint/535280/1/SS_1950_1955.pdf,"Sulphur table, 1950 row Mexico mined sulphur = 9,600 long tons industrially usable sulphur.",Proxy-state rationale,,"Veracruz has no sulfur denominator in vanilla, so the Mexican sulfur row is routed to California as a non-zero western sulfur state.",,,,,,,,,Exact 1950 industrial sulphur stream used as the comparator maximum.,40
Kyushu,STATE_KYUSHU,Sulfur Mine,1950,93435.673733248,t output,,,,Statistical Summary 1950-1955,https://nora.nerc.ac.uk/id/eprint/535280/1/SS_1950_1955.pdf,"Sulphur table, 1950 row Japan refined sulphur = 91,960 long tons industrially usable sulphur.",Proxy-state rationale,,Kyushu is the direct Japanese sulfur denominator.,,,,,,,,,Exact 1950 industrial sulphur stream used as the comparator maximum.,40
Kerman,STATE_KERMAN,Sulfur Mine,1950,1524.0703632,t output,,,,Statistical Summary 1950-1955,https://nora.nerc.ac.uk/id/eprint/535280/1/SS_1950_1955.pdf,"Sulphur table, 1950 row Iran sulphur = 1,500 long tons industrially usable sulphur.",Proxy-state rationale,,Kerman is the closest non-zero Iranian sulfur denominator.,,,,,,,,,Exact 1950 industrial sulphur stream used as the comparator maximum.,22
Fars (Turkish sulfur proxy),STATE_FARS,Sulfur Mine,1950,6606.3370010175995,t output,,,,Statistical Summary 1950-1955,https://nora.nerc.ac.uk/id/eprint/535280/1/SS_1950_1955.pdf,"Sulphur table, 1950 row Turkey refined sulphur = 6,502 long tons industrially usable sulphur.",Proxy-state rationale,,"Ankara has no sulfur denominator in vanilla, so the small Turkish sulfur row is routed to Fars as a non-zero Middle Eastern sulfur state.",,,,,,,,,Exact 1950 industrial sulphur stream used as the comparator maximum.,28
Antofagasta (Colombian sulfur proxy),STATE_ANTOFAGASTA,Sulfur Mine,1950,1484.4445337568,t output,,,,Statistical Summary 1950-1955,https://nora.nerc.ac.uk/id/eprint/535280/1/SS_1950_1955.pdf,"Sulphur table, 1950 row Colombia refined sulphur = 1,461 long tons industrially usable sulphur.",Proxy-state rationale,,The Colombian sulfur row is kept as a small volcanic/industrial sulfur comparator and routed to Antofagasta as a non-zero Andean sulfur state.,,,,,,,,,Exact 1950 industrial sulphur stream used as the comparator maximum.,48
Arequipa (Bolivian sulfur proxy),STATE_AREQUIPA,Sulfur Mine,1950,4376.114036201599,t output,,,,Statistical Summary 1950-1955,https://nora.nerc.ac.uk/id/eprint/535280/1/SS_1950_1955.pdf,"Sulphur table, 1950 row Bolivia refined sulphur = 4,307 long tons industrially usable sulphur.",Proxy-state rationale,,"Potosi has no sulfur denominator in vanilla, so the Bolivian row is routed to nearby Arequipa as a non-zero Andean sulfur state.",,,,,,,,,Exact 1950 industrial sulphur stream used as the comparator maximum.,32
Rio Negro (Argentine sulfur proxy),STATE_RIO_NEGRO,Sulfur Mine,1950,7784.9514152256,t output,,,,Statistical Summary 1950-1955,https://nora.nerc.ac.uk/id/eprint/535280/1/SS_1950_1955.pdf,"Sulphur table, 1950 row Argentina refined sulphur = 7,662 long tons industrially usable sulphur.",Proxy-state rationale,,"Buenos Aires has no sulfur denominator in vanilla, so the Argentine sulfur row is routed to Rio Negro.",,,,,,,,,Exact 1950 industrial sulphur stream used as the comparator maximum.,52
Arequipa (Peruvian sulfur proxy),STATE_AREQUIPA,Sulfur Mine,1950,2144.8750244768,t output,,,,Statistical Summary 1950-1955,https://nora.nerc.ac.uk/id/eprint/535280/1/SS_1950_1955.pdf,"Sulphur table, 1950 row Peru refined sulphur = 2,111 long tons industrially usable sulphur.",Proxy-state rationale,,Arequipa is the direct Peruvian sulfur denominator with a non-zero cap.,,,,,,,,,Exact 1950 industrial sulphur stream used as the comparator maximum.,32
Hokkaido (Formosa sulfur proxy),STATE_HOKKAIDO,Sulfur Mine,1950,73.1553774336,t output,,,,Statistical Summary 1950-1955,https://nora.nerc.ac.uk/id/eprint/535280/1/SS_1950_1955.pdf,"Sulphur table, 1950 row Formosa refined sulphur = 72 long tons industrially usable sulphur.",Proxy-state rationale,,"Formosa has no sulfur denominator in vanilla, so the small Taiwanese sulfur row is routed to Hokkaido as a non-zero East Asian sulfur state.",,,,,,,,,Exact 1950 industrial sulphur stream used as the comparator maximum.,32
West Transvaal (Rand gold core),STATE_TRANSVAAL,Gold Fields (undiscovered),1950,358.20163539336,t output,,,,Statistical Summary 1950-1955,https://nora.nerc.ac.uk/id/eprint/535280/1/SS_1950_1955.pdf,"Gold ore table, 1950 row Union of South Africa = 11,516,450 fine ounces.",Proxy-state rationale,,The Union's 1950 gold output is routed to Transvaal as the direct Witwatersrand/Rand gold-core state.,,,,,,,,,Exact 1950 gold output used as the comparator maximum.,12
Zambezi (Southern Rhodesian gold core),STATE_ZAMBEZIA,Gold Fields (undiscovered),1950,15.144500578257599,t output,,,,Statistical Summary 1950-1955,https://nora.nerc.ac.uk/id/eprint/535280/1/SS_1950_1955.pdf,"Gold ore table, 1950 row Southern Rhodesia = 486,907 fine ounces.",Proxy-state rationale,,Southern Rhodesian gold is routed to Zambezia as the closest vanilla Rhodesian gold-field denominator.,,,,,,,,,Exact 1950 gold output used as the comparator maximum.,4
Western Australia,STATE_WESTERN_AUSTRALIA,Gold Fields (undiscovered),1950,27.854283199564797,t output,,,,Statistical Summary 1950-1955,https://nora.nerc.ac.uk/id/eprint/535280/1/SS_1950_1955.pdf,"Gold ore table, 1950 row Australia = 895,536 fine ounces.",Proxy-state rationale,,"Post-rush Australian gold production remained concentrated in Western Australia, so it is the cleanest gold-state proxy.",,,,,,,,,Exact 1950 gold output used as the comparator maximum.,8
British Columbia (Canadian gold proxy),STATE_BRITISH_COLUMBIA,Gold Fields (undiscovered),1950,134.64480492730078,t output,,,,Statistical Summary 1950-1955,https://nora.nerc.ac.uk/id/eprint/535280/1/SS_1950_1955.pdf,"Gold ore table, 1950 row Canada = 4,328,931 fine ounces.",Proxy-state rationale,,"Canada's 1950 total is broader than British Columbia alone, but British Columbia is the strongest non-zero vanilla Canadian gold denominator.",,,,,,,,,Exact 1950 gold output used as the comparator maximum.,8
South Dakota (United States gold proxy),STATE_SOUTH_DAKOTA,Gold Fields (undiscovered),1950,74.4689083623408,t output,,,,Statistical Summary 1950-1955,https://nora.nerc.ac.uk/id/eprint/535280/1/SS_1950_1955.pdf,"Gold ore table, 1950 row United States = 2,394,231 fine ounces.",Proxy-state rationale,,By 1950 the U.S. gold industry was better represented by a hard-rock state like South Dakota than by California's nineteenth-century rush legacy.,,,,,,,,,Exact 1950 gold output used as the comparator maximum.,8
Sonora,STATE_SONORA,Gold Fields (undiscovered),1950,12.6940131585696,t output,,,,Statistical Summary 1950-1955,https://nora.nerc.ac.uk/id/eprint/535280/1/SS_1950_1955.pdf,"Gold ore table, 1950 row Mexico = 408,122 fine ounces.",Proxy-state rationale,,Sonora is the strongest northern Mexican gold-state denominator in vanilla.,,,,,,,,,Exact 1950 gold output used as the comparator maximum.,6
Minas Gerais,STATE_MINAS_GERAIS,Gold Fields (undiscovered),1950,4.0809938804976,t output,,,,Statistical Summary 1950-1955,https://nora.nerc.ac.uk/id/eprint/535280/1/SS_1950_1955.pdf,"Gold ore table, 1950 row Brazil = 131,207 fine ounces.",Proxy-state rationale,,Minas Gerais is the direct Brazilian gold-state denominator in vanilla.,,,,,,,,,Exact 1950 gold output used as the comparator maximum.,8
Antioquia,STATE_MINAS_GERAIS,Gold Fields (undiscovered),1950,12.6379335898992,t output,,,,Statistical Summary 1950-1955,https://nora.nerc.ac.uk/id/eprint/535280/1/SS_1950_1955.pdf,"Gold ore table, 1950 row Colombia = 406,319 fine ounces.",Proxy-state rationale,,"Vanilla does not give Antioquia a gold-field denominator, so the Colombian Andean lode/placer output is proxied to Minas Gerais as the closest non-zero South American goldfield state.",,,,,,,,,Exact 1950 gold output used as the comparator maximum.,8
Antofagasta (Chilean gold proxy),STATE_ANTOFAGASTA,Gold Fields (undiscovered),1950,5.7999897328031995,t output,,,,Statistical Summary 1950-1955,https://nora.nerc.ac.uk/id/eprint/535280/1/SS_1950_1955.pdf,"Gold ore table, 1950 row Chile = 186,474 fine ounces.",Proxy-state rationale,,Antofagasta is used as the closest non-zero Chilean precious-metals denominator in vanilla.,,,,,,,,,Exact 1950 gold output used as the comparator maximum.,10
Cajamarca,STATE_CAJAMARCA,Gold Fields (undiscovered),1950,4.6021948412352,t output,,,,Statistical Summary 1950-1955,https://nora.nerc.ac.uk/id/eprint/535280/1/SS_1950_1955.pdf,"Gold ore table, 1950 row Peru = 147,964 fine ounces.",Proxy-state rationale,,Cajamarca is the direct Peruvian gold-state denominator in vanilla.,,,,,,,,,Exact 1950 gold output used as the comparator maximum.,4
Guayana (British Guiana placer proxy),STATE_GUAYANA,Gold Fields (undiscovered),1950,7.040489698017599,t output,,,,Statistical Summary 1950-1955,https://nora.nerc.ac.uk/id/eprint/535280/1/SS_1950_1955.pdf,"Gold ore table, 1950 row British Guiana = 226,357 fine ounces.",Proxy-state rationale,,British Guiana's placer-gold economy maps directly to Guayana as the vanilla gold state.,,,,,,,,,Exact 1950 gold output used as the comparator maximum.,12
South Island,STATE_SOUTH_ISLAND,Gold Fields (undiscovered),1950,2.974581003768,t output,,,,Statistical Summary 1950-1955,https://nora.nerc.ac.uk/id/eprint/535280/1/SS_1950_1955.pdf,"Gold ore table, 1950 row New Zealand = 95,635 fine ounces.",Proxy-state rationale,,The South Island is the strongest non-zero New Zealand gold denominator in vanilla.,,,,,,,,,Exact 1950 gold output used as the comparator maximum.,6
Gold Coast,STATE_GUAYANA,Gold Fields (undiscovered),1950,21.4436389067472,t output,,,,Statistical Summary 1950-1955,https://nora.nerc.ac.uk/id/eprint/535280/1/SS_1950_1955.pdf,"Gold ore table, 1950 row Gold Coast = 689,429 fine ounces.",Proxy-state rationale,,"Vanilla leaves Gold Coast without a gold-field cap, so the Gold Coast total is proxied to Guayana as a non-zero tropical placer-and-lode goldfield denominator.",,,,,,,,,Exact 1950 gold output used as the comparator maximum.,12
Hokkaido (Japanese gold proxy),STATE_HOKKAIDO,Gold Fields (undiscovered),1950,4.199995782734399,t output,,,,Statistical Summary 1950-1955,https://nora.nerc.ac.uk/id/eprint/535280/1/SS_1950_1955.pdf,"Gold ore table, 1950 row Japan = 135,033 fine ounces.",Proxy-state rationale,,Hokkaido is the strongest non-zero Japanese gold denominator in vanilla.,,,,,,,,,Exact 1950 gold output used as the comparator maximum.,8
Luzon,STATE_WEST_BORNEO,Gold Fields (undiscovered),1950,10.388281319908799,t output,,,,Statistical Summary 1950-1955,https://nora.nerc.ac.uk/id/eprint/535280/1/SS_1950_1955.pdf,"Gold ore table, 1950 row Philippine Republic = 333,991 fine ounces.",Proxy-state rationale,,"Vanilla Luzon has no gold-field denominator, so the Philippine gold total is proxied to West Borneo as the closest non-zero island Southeast Asian precious-field state.",,,,,,,,,Exact 1950 gold output used as the comparator maximum.,6
Honduras,STATE_GUERRERO,Gold Fields (undiscovered),1950,0.944923625184,t output,,,,Statistical Summary 1950-1955,https://nora.nerc.ac.uk/id/eprint/535280/1/SS_1950_1955.pdf,"Gold ore table, 1950 row Honduras = 30,380 fine ounces.",Proxy-state rationale,,"Vanilla Honduras has no gold-field denominator, so the Central American output is routed to Guerrero as the closest non-zero Spanish-American precious-field state.",,,,,,,,,Exact 1950 gold output used as the comparator maximum.,3
Nicaragua,STATE_OAXACA,Gold Fields (undiscovered),1950,7.186053969441599,t output,,,,Statistical Summary 1950-1955,https://nora.nerc.ac.uk/id/eprint/535280/1/SS_1950_1955.pdf,"Gold ore table, 1950 row Nicaragua = 231,037 fine ounces.",Proxy-state rationale,,"Vanilla Nicaragua has no gold-field denominator, so the Nicaraguan output is routed to Oaxaca as a non-zero Mesoamerican precious-field proxy.",,,,,,,,,Exact 1950 gold output used as the comparator maximum.,2
Northern Cape (South West Africa proxy),STATE_NORTHERN_CAPE,Gold Fields (undiscovered),1950,0.5038763241599999,t output,,,,Statistical Summary 1950-1955,https://nora.nerc.ac.uk/id/eprint/535280/1/SS_1950_1955.pdf,"Gold ore table, 1950 row South West Africa = 16,200 fine ounces.",Proxy-state rationale,,South West African precious output is routed to Northern Cape as the closest non-zero southern-African precious-field denominator in vanilla.,,,,,,,,,Exact 1950 gold output used as the comparator maximum.,8
Kenya,STATE_ZAMBEZIA,Gold Fields (undiscovered),1950,0.89266978416,t output,,,,Statistical Summary 1950-1955,https://nora.nerc.ac.uk/id/eprint/535280/1/SS_1950_1955.pdf,"Gold ore table, 1950 row Kenya = 28,700 fine ounces.",Proxy-state rationale,,"Vanilla Kenya has no gold-field denominator, so the East African output is proxied to Zambezia as the closest non-zero African goldfield state.",,,,,,,,,Exact 1950 gold output used as the comparator maximum.,4
Tanganyika,STATE_ZAMBEZIA,Gold Fields (undiscovered),1950,0.028957336900799997,t output,,,,Statistical Summary 1950-1955,https://nora.nerc.ac.uk/id/eprint/535280/1/SS_1950_1955.pdf,"Gold ore table, 1950 row Tanganyika = 931 fine ounces.",Proxy-state rationale,,"Vanilla Tanganyika has no gold-field denominator, so the Tanganyikan output is proxied to Zambezia as the closest non-zero African goldfield state.",,,,,,,,,Exact 1950 gold output used as the comparator maximum.,4
Maine,STATE_MAINE,Fishing,1950,161599.403213,t output,,,,"Fishery Statistics of the United States, 1950",https://spo.nmfs.noaa.gov/sites/default/files/legacy-pdfs/1950.pdf,"Page 65, grand total row: Maine grand total, 1950 = 356,265,700 pounds.",Proxy-state rationale,,Exact 1950 state landing total matched directly to the vanilla fishing-wharf denominator.,,,,,,,,,Exact 1950 state fish and shellfish landings used as the comparator maximum for fishing.,8
New Hampshire,STATE_NEW_HAMPSHIRE,Fishing,1950,292.612438,t output,,,,"Fishery Statistics of the United States, 1950",https://spo.nmfs.noaa.gov/sites/default/files/legacy-pdfs/1950.pdf,"Page 65, grand total row: New Hampshire grand total, 1950 = 645,100 pounds.",Proxy-state rationale,,Exact 1950 state landing total matched directly to the vanilla fishing-wharf denominator.,,,,,,,,,Exact 1950 state fish and shellfish landings used as the comparator maximum for fishing.,2
Massachusetts,STATE_MASSACHUSETTS,Fishing,1950,268158.275317,t output,,,,"Fishery Statistics of the United States, 1950",https://spo.nmfs.noaa.gov/sites/default/files/legacy-pdfs/1950.pdf,"Page 65, grand total row: Massachusetts grand total, 1950 = 591,187,800 pounds.",Proxy-state rationale,,Exact 1950 state landing total matched directly to the vanilla fishing-wharf denominator.,,,,,,,,,Exact 1950 state fish and shellfish landings used as the comparator maximum for fishing.,10
Rhode Island,STATE_RHODE_ISLAND,Fishing,1950,15088.568751,t output,,,,"Fishery Statistics of the United States, 1950",https://spo.nmfs.noaa.gov/sites/default/files/legacy-pdfs/1950.pdf,"Page 67, grand total row: Rhode Island grand total, 1950 = 33,264,600 pounds.",Proxy-state rationale,,Exact 1950 state landing total matched directly to the vanilla fishing-wharf denominator.,,,,,,,,,Exact 1950 state fish and shellfish landings used as the comparator maximum for fishing.,3
Connecticut,STATE_CONNECTICUT,Fishing,1950,9174.495353,t output,,,,"Fishery Statistics of the United States, 1950",https://spo.nmfs.noaa.gov/sites/default/files/legacy-pdfs/1950.pdf,"Page 67, grand total row: Connecticut grand total, 1950 = 20,226,300 pounds.",Proxy-state rationale,,Exact 1950 state landing total matched directly to the vanilla fishing-wharf denominator.,,,,,,,,,Exact 1950 state fish and shellfish landings used as the comparator maximum for fishing.,5
New York,STATE_NEW_YORK,Fishing,1950,64564.700820,t output,,,,"Fishery Statistics of the United States, 1950",https://spo.nmfs.noaa.gov/sites/default/files/legacy-pdfs/1950.pdf,"Page 154, grand total row: New York grand total, 1950 = 142,340,800 pounds.",Proxy-state rationale,,Exact 1950 state landing total matched directly to the vanilla fishing-wharf denominator.,,,,,,,,,Exact 1950 state fish and shellfish landings used as the comparator maximum for fishing.,6
New Jersey,STATE_NEW_JERSEY,Fishing,1950,85558.135043,t output,,,,"Fishery Statistics of the United States, 1950",https://spo.nmfs.noaa.gov/sites/default/files/legacy-pdfs/1950.pdf,"Page 154, grand total row: New Jersey grand total, 1950 = 188,623,400 pounds.",Proxy-state rationale,,Exact 1950 state landing total matched directly to the vanilla fishing-wharf denominator.,,,,,,,,,Exact 1950 state fish and shellfish landings used as the comparator maximum for fishing.,10
Delaware,STATE_DELAWARE,Fishing,1950,72901.910017,t output,,,,"Fishery Statistics of the United States, 1950",https://spo.nmfs.noaa.gov/sites/default/files/legacy-pdfs/1950.pdf,"Page 156, grand total row: Delaware grand total, 1950 = 160,721,200 pounds.",Proxy-state rationale,,Exact 1950 state landing total matched directly to the vanilla fishing-wharf denominator.,,,,,,,,,Exact 1950 state fish and shellfish landings used as the comparator maximum for fishing.,5
Maryland,STATE_MARYLAND,Fishing,1950,30432.510007,t output,,,,"Fishery Statistics of the United States, 1950",https://spo.nmfs.noaa.gov/sites/default/files/legacy-pdfs/1950.pdf,"Page 190, grand total row: Maryland grand total, 1950 = 67,092,200 pounds.",Proxy-state rationale,,Exact 1950 state landing total matched directly to the vanilla fishing-wharf denominator.,,,,,,,,,Exact 1950 state fish and shellfish landings used as the comparator maximum for fishing.,9
Virginia,STATE_VIRGINIA,Fishing,1950,142337.013551,t output,,,,"Fishery Statistics of the United States, 1950",https://spo.nmfs.noaa.gov/sites/default/files/legacy-pdfs/1950.pdf,"Page 190, grand total row: Virginia grand total, 1950 = 313,799,400 pounds.",Proxy-state rationale,,Exact 1950 state landing total matched directly to the vanilla fishing-wharf denominator.,,,,,,,,,Exact 1950 state fish and shellfish landings used as the comparator maximum for fishing.,8
North Carolina,STATE_NORTH_CAROLINA,Fishing,1950,6679.828037,t output,,,,"Fishery Statistics of the United States, 1950",https://spo.nmfs.noaa.gov/sites/default/files/legacy-pdfs/1950.pdf,"Page 221, grand total row: North Carolina grand total, 1950 = 14,726,500 pounds.",Proxy-state rationale,,Exact 1950 state landing total matched directly to the vanilla fishing-wharf denominator.,,,,,,,,,Exact 1950 state fish and shellfish landings used as the comparator maximum for fishing.,6
South Carolina,STATE_SOUTH_CAROLINA,Fishing,1950,2902.991168,t output,,,,"Fishery Statistics of the United States, 1950",https://spo.nmfs.noaa.gov/sites/default/files/legacy-pdfs/1950.pdf,"Page 221, grand total row: South Carolina grand total, 1950 = 6,400,000 pounds.",Proxy-state rationale,,Exact 1950 state landing total matched directly to the vanilla fishing-wharf denominator.,,,,,,,,,Exact 1950 state fish and shellfish landings used as the comparator maximum for fishing.,5
Florida Atlantic Coast,STATE_FLORIDA,Fishing,1950,25612.319968,t output,,,,"Fishery Statistics of the United States, 1950",https://spo.nmfs.noaa.gov/sites/default/files/legacy-pdfs/1950.pdf,"Page 223, grand total row: Florida east coast grand total, 1950 = 56,465,500 pounds.",Proxy-state rationale,,Exact 1950 state landing total matched directly to the vanilla fishing-wharf denominator.,,,,,,,,,Exact 1950 state fish and shellfish landings used as the comparator maximum for fishing.,15
Florida Gulf Coast,STATE_FLORIDA,Fishing,1950,28128.532922,t output,,,,"Fishery Statistics of the United States, 1950",https://spo.nmfs.noaa.gov/sites/default/files/legacy-pdfs/1950.pdf,"Page 223, 267, grand total row: Florida west coast grand total, 1950 = 62,012,800 pounds.",Proxy-state rationale,,Exact 1950 state landing total matched directly to the vanilla fishing-wharf denominator.,,,,,,,,,Exact 1950 state fish and shellfish landings used as the comparator maximum for fishing.,15
Florida (total),STATE_FLORIDA,Fishing,1950,53740.852891,t output,,,,"Fishery Statistics of the United States, 1950",https://spo.nmfs.noaa.gov/sites/default/files/legacy-pdfs/1950.pdf,"Page 224, grand total row: Florida total grand total, 1950 = 118,478,300 pounds.",Proxy-state rationale,,Exact 1950 state landing total matched directly to the vanilla fishing-wharf denominator.,,,,,,,,,Exact 1950 state fish and shellfish landings used as the comparator maximum for fishing.,15
Louisiana,STATE_LOUISIANA,Fishing,1950,143448.632372,t output,,,,"Fishery Statistics of the United States, 1950",https://spo.nmfs.noaa.gov/sites/default/files/legacy-pdfs/1950.pdf,"Page 269, grand total row: Louisiana grand total, 1950 = 316,250,100 pounds.",Proxy-state rationale,,Exact 1950 state landing total matched directly to the vanilla fishing-wharf denominator.,,,,,,,,,Exact 1950 state fish and shellfish landings used as the comparator maximum for fishing.,12
Texas,STATE_TEXAS,Fishing,1950,44112.447653,t output,,,,"Fishery Statistics of the United States, 1950",https://spo.nmfs.noaa.gov/sites/default/files/legacy-pdfs/1950.pdf,"Page 269, grand total row: Texas grand total, 1950 = 97,251,300 pounds.",Proxy-state rationale,,Exact 1950 state landing total matched directly to the vanilla fishing-wharf denominator.,,,,,,,,,Exact 1950 state fish and shellfish landings used as the comparator maximum for fishing.,6
Washington,STATE_WASHINGTON,Fishing,1950,53839.010279,t output,,,,"Fishery Statistics of the United States, 1950",https://spo.nmfs.noaa.gov/sites/default/files/legacy-pdfs/1950.pdf,"Page 317, grand total row: Washington grand total, 1950 = 118,694,700 pounds.",Proxy-state rationale,,Exact 1950 state landing total matched directly to the vanilla fishing-wharf denominator.,,,,,,,,,Exact 1950 state fish and shellfish landings used as the comparator maximum for fishing.,6
Oregon,STATE_OREGON,Fishing,1950,26424.386388,t output,,,,"Fishery Statistics of the United States, 1950",https://spo.nmfs.noaa.gov/sites/default/files/legacy-pdfs/1950.pdf,"Page 317, grand total row: Oregon grand total, 1950 = 58,255,800 pounds.",Proxy-state rationale,,Exact 1950 state landing total matched directly to the vanilla fishing-wharf denominator.,,,,,,,,,Exact 1950 state fish and shellfish landings used as the comparator maximum for fishing.,5
California,STATE_CALIFORNIA,Fishing,1950,607042.169819,t output,,,,"Fishery Statistics of the United States, 1950",https://spo.nmfs.noaa.gov/sites/default/files/legacy-pdfs/1950.pdf,"Page 319, grand total row: California grand total, 1950 = 1,338,298,900 pounds.",Proxy-state rationale,,Exact 1950 state landing total matched directly to the vanilla fishing-wharf denominator.,,,,,,,,,Exact 1950 state fish and shellfish landings used as the comparator maximum for fishing.,14
Krasnoyarsk (USSR taiga core proxy),STATE_KRASNOYARSK,Wood,1961,351000000.000000,m3 output,,,,FAOSTAT Forestry_E_All_Data_(Normalized),http://fenixservices.fao.org/faostat/static/bulkdownloads/Forestry_E_All_Data_(Normalized).zip,Area=USSR; Item=Roundwood; Element=Production; Year=1961.,Proxy-state rationale,,USSR total routed to Krasnoyarsk as a high-cap taiga logging denominator.,,,,,,,,,1961 roundwood production backcast to 1950 through the public forestry growth family; used as a broad logging-output comparator.,60
Northern Manchuria (China forest core proxy),STATE_NORTHERN_MANCHURIA,Wood,1961,313881624.000000,m3 output,,,,FAOSTAT Forestry_E_All_Data_(Normalized),http://fenixservices.fao.org/faostat/static/bulkdownloads/Forestry_E_All_Data_(Normalized).zip,"Area=China, mainland; Item=Roundwood; Element=Production; Year=1961.",Proxy-state rationale,,Mainland China total routed to Northern Manchuria as the closest vanilla forest frontier state.,,,,,,,,,1961 roundwood production backcast to 1950 through the public forestry growth family; used as a broad logging-output comparator.,34
Oregon (United States forest core proxy),STATE_OREGON,Wood,1961,289770016.000000,m3 output,,,,FAOSTAT Forestry_E_All_Data_(Normalized),http://fenixservices.fao.org/faostat/static/bulkdownloads/Forestry_E_All_Data_(Normalized).zip,Area=United States of America; Item=Roundwood; Element=Production; Year=1961.,Proxy-state rationale,,United States total routed to Oregon as a large vanilla Pacific forest state with a major logging cap.,,,,,,,,,1961 roundwood production backcast to 1950 through the public forestry growth family; used as a broad logging-output comparator.,50
South Sumatra (Indonesia forest core proxy),STATE_SOUTH_SUMATRA,Wood,1961,241947024.000000,m3 output,,,,FAOSTAT Forestry_E_All_Data_(Normalized),http://fenixservices.fao.org/faostat/static/bulkdownloads/Forestry_E_All_Data_(Normalized).zip,Area=Indonesia; Item=Roundwood; Element=Production; Year=1961.,Proxy-state rationale,,Indonesia total routed to South Sumatra as a high-cap tropical forest state.,,,,,,,,,1961 roundwood production backcast to 1950 through the public forestry growth family; used as a broad logging-output comparator.,29
Assam (India forest core proxy),STATE_ASSAM,Wood,1961,161367960.000000,m3 output,,,,FAOSTAT Forestry_E_All_Data_(Normalized),http://fenixservices.fao.org/faostat/static/bulkdownloads/Forestry_E_All_Data_(Normalized).zip,Area=India; Item=Roundwood; Element=Production; Year=1961.,Proxy-state rationale,,India total routed to Assam as the closest vanilla forest-and-timber state.,,,,,,,,,1961 roundwood production backcast to 1950 through the public forestry growth family; used as a broad logging-output comparator.,37
Parana (Brazil forest core proxy),STATE_PARANA,Wood,1961,104811504.000000,m3 output,,,,FAOSTAT Forestry_E_All_Data_(Normalized),http://fenixservices.fao.org/faostat/static/bulkdownloads/Forestry_E_All_Data_(Normalized).zip,Area=Brazil; Item=Roundwood; Element=Production; Year=1961.,Proxy-state rationale,,Brazil total routed to Parana as the strongest southern commercial timber proxy with a non-trivial vanilla wood cap.,,,,,,,,,1961 roundwood production backcast to 1950 through the public forestry growth family; used as a broad logging-output comparator.,30
British Columbia (Canada forest core proxy),STATE_BRITISH_COLUMBIA,Wood,1961,93480008.000000,m3 output,,,,FAOSTAT Forestry_E_All_Data_(Normalized),http://fenixservices.fao.org/faostat/static/bulkdownloads/Forestry_E_All_Data_(Normalized).zip,Area=Canada; Item=Roundwood; Element=Production; Year=1961.,Proxy-state rationale,,Canada total routed to British Columbia as the canonical high-cap timber state.,,,,,,,,,1961 roundwood production backcast to 1950 through the public forestry growth family; used as a broad logging-output comparator.,90
Chugoku (Japan forest core proxy),STATE_CHUGOKU,Wood,1961,65048999.000000,m3 output,,,,FAOSTAT Forestry_E_All_Data_(Normalized),http://fenixservices.fao.org/faostat/static/bulkdownloads/Forestry_E_All_Data_(Normalized).zip,Area=Japan; Item=Roundwood; Element=Production; Year=1961.,Proxy-state rationale,,Japan total routed to Chugoku as a wooded Home Islands proxy with a non-zero logging cap.,,,,,,,,,1961 roundwood production backcast to 1950 through the public forestry growth family; used as a broad logging-output comparator.,20
Oulu (Finland forest core),STATE_OULU,Wood,1961,50670000.000000,m3 output,,,,FAOSTAT Forestry_E_All_Data_(Normalized),http://fenixservices.fao.org/faostat/static/bulkdownloads/Forestry_E_All_Data_(Normalized).zip,Area=Finland; Item=Roundwood; Element=Production; Year=1961.,Proxy-state rationale,,Finland routed directly to Oulu as the strongest Finnish forestry state.,,,,,,,,,1961 roundwood production backcast to 1950 through the public forestry growth family; used as a broad logging-output comparator.,56
Norrland (Sweden forest core),STATE_NORRLAND,Wood,1961,45000000.000000,m3 output,,,,FAOSTAT Forestry_E_All_Data_(Normalized),http://fenixservices.fao.org/faostat/static/bulkdownloads/Forestry_E_All_Data_(Normalized).zip,Area=Sweden; Item=Roundwood; Element=Production; Year=1961.,Proxy-state rationale,,Sweden routed directly to Norrland as the dominant Swedish forest state.,,,,,,,,,1961 roundwood production backcast to 1950 through the public forestry growth family; used as a broad logging-output comparator.,60
Bavaria (Germany forest core proxy),STATE_BAVARIA,Wood,1961,34570000.000000,m3 output,,,,FAOSTAT Forestry_E_All_Data_(Normalized),http://fenixservices.fao.org/faostat/static/bulkdownloads/Forestry_E_All_Data_(Normalized).zip,Area=Germany; Item=Roundwood; Element=Production; Year=1961.,Proxy-state rationale,,Germany total routed to Bavaria as the closest large southern forest state with a meaningful vanilla denominator.,,,,,,,,,1961 roundwood production backcast to 1950 through the public forestry growth family; used as a broad logging-output comparator.,23
Aquitaine (France forest core proxy),STATE_AQUITAINE,Wood,1961,33933000.000000,m3 output,,,,FAOSTAT Forestry_E_All_Data_(Normalized),http://fenixservices.fao.org/faostat/static/bulkdownloads/Forestry_E_All_Data_(Normalized).zip,Area=France; Item=Roundwood; Element=Production; Year=1961.,Proxy-state rationale,,France total routed to Aquitaine as the strongest western forestry proxy with a non-zero vanilla wood cap.,,,,,,,,,1961 roundwood production backcast to 1950 through the public forestry growth family; used as a broad logging-output comparator.,14
Luzon (Philippines forest core proxy),STATE_LUZON,Wood,1961,26781292.000000,m3 output,,,,FAOSTAT Forestry_E_All_Data_(Normalized),http://fenixservices.fao.org/faostat/static/bulkdownloads/Forestry_E_All_Data_(Normalized).zip,Area=Philippines; Item=Roundwood; Element=Production; Year=1961.,Proxy-state rationale,,Philippines total routed to Luzon as the strongest vanilla logging denominator.,,,,,,,,,1961 roundwood production backcast to 1950 through the public forestry growth family; used as a broad logging-output comparator.,20
West Galicia (Spain forest core proxy),STATE_WEST_GALICIA,Wood,1961,14273000.000000,m3 output,,,,FAOSTAT Forestry_E_All_Data_(Normalized),http://fenixservices.fao.org/faostat/static/bulkdownloads/Forestry_E_All_Data_(Normalized).zip,Area=Spain; Item=Roundwood; Element=Production; Year=1961.,Proxy-state rationale,,Spain total routed to West Galicia as the closest Atlantic forestry state.,,,,,,,,,1961 roundwood production backcast to 1950 through the public forestry growth family; used as a broad logging-output comparator.,17
Tasmania (Australia forest core proxy),STATE_TASMANIA,Wood,1961,14138000.000000,m3 output,,,,FAOSTAT Forestry_E_All_Data_(Normalized),http://fenixservices.fao.org/faostat/static/bulkdownloads/Forestry_E_All_Data_(Normalized).zip,Area=Australia; Item=Roundwood; Element=Production; Year=1961.,Proxy-state rationale,,Australia total routed to Tasmania as the clearest vanilla forestry state.,,,,,,,,,1961 roundwood production backcast to 1950 through the public forestry growth family; used as a broad logging-output comparator.,8
Bohemia (Czechoslovak forest core proxy),STATE_BOHEMIA,Wood,1961,13238000.000000,m3 output,,,,FAOSTAT Forestry_E_All_Data_(Normalized),http://fenixservices.fao.org/faostat/static/bulkdownloads/Forestry_E_All_Data_(Normalized).zip,Area=Czechoslovakia; Item=Roundwood; Element=Production; Year=1961.,Proxy-state rationale,,Czechoslovakia total routed to Bohemia as the strongest vanilla forest state available.,,,,,,,,,1961 roundwood production backcast to 1950 through the public forestry growth family; used as a broad logging-output comparator.,17
Austria,STATE_AUSTRIA,Wood,1961,11623000.000000,m3 output,,,,FAOSTAT Forestry_E_All_Data_(Normalized),http://fenixservices.fao.org/faostat/static/bulkdownloads/Forestry_E_All_Data_(Normalized).zip,Area=Austria; Item=Roundwood; Element=Production; Year=1961.,Proxy-state rationale,,Austria used directly because vanilla assigns the state a non-zero logging cap.,,,,,,,,,1961 roundwood production backcast to 1950 through the public forestry growth family; used as a broad logging-output comparator.,7
Northern Norway (Norway forest core proxy),STATE_NORTHERN_NORWAY,Wood,1961,9716000.000000,m3 output,,,,FAOSTAT Forestry_E_All_Data_(Normalized),http://fenixservices.fao.org/faostat/static/bulkdownloads/Forestry_E_All_Data_(Normalized).zip,Area=Norway; Item=Roundwood; Element=Production; Year=1961.,Proxy-state rationale,,Norway total routed to Northern Norway as the strongest available forest denominator.,,,,,,,,,1961 roundwood production backcast to 1950 through the public forestry growth family; used as a broad logging-output comparator.,24
North Island (New Zealand forest core proxy),STATE_NORTH_ISLAND,Wood,1961,5392000.000000,m3 output,,,,FAOSTAT Forestry_E_All_Data_(Normalized),http://fenixservices.fao.org/faostat/static/bulkdownloads/Forestry_E_All_Data_(Normalized).zip,Area=New Zealand; Item=Roundwood; Element=Production; Year=1961.,Proxy-state rationale,,New Zealand total routed to North Island as the stronger vanilla timber state.,,,,,,,,,1961 roundwood production backcast to 1950 through the public forestry growth family; used as a broad logging-output comparator.,11
Araucania (Chile forest core proxy),STATE_ARAUCANIA,Wood,1961,5285298.000000,m3 output,,,,FAOSTAT Forestry_E_All_Data_(Normalized),http://fenixservices.fao.org/faostat/static/bulkdownloads/Forestry_E_All_Data_(Normalized).zip,Area=Chile; Item=Roundwood; Element=Production; Year=1961.,Proxy-state rationale,,Chile total routed to Araucania as the clearest southern forestry state in vanilla.,,,,,,,,,1961 roundwood production backcast to 1950 through the public forestry growth family; used as a broad logging-output comparator.,30
