state,land_class,representative_year,raw_area_ha,effective_weight,effective_area_ha,year_selection_reason,capacity_note,citation_1_title,citation_1_url,citation_1_locator,citation_2_title,citation_2_url,citation_2_locator,evidence_scope,target_match_status,slot_support_status,localization_discount,validation_note
Cape Colony,high_suitability_plantation,1936,35000.0,1.0,29750.0,Wood is audited as potential effective commercial forestry land; representative year is metadata only and not GDP-selected.,"Western Cape remains plantation-first, but depleted southern coastal forest belts justify a capped restoration allowance above the surviving estate footprint.",Trade & Industrial Policy Strategies: South Africa’s Forestry Value Chain,https://www.tips.org.za/policy-briefs/item/download/1951_b81dc50ab22218561eec628aa634d782,"Western Cape afforested area = 43,146 ha in 2017; used here as the surviving managed-estate floor, not the full potential ceiling.",cape_economics.md,/Users/depro/Documents/Paradox Interactive/Victoria 3/mod/References/research/cape_economics.md,"Timber was scarce in the arid Cape interior, but the southern coastal mountains retained exploitable forest belts and sawmilling activity.",regional_proxy,partial_overlap,distinct_slot_supported,0.85,Cape Colony wood capacity is bounded by a Western Cape plantation/restoration proxy rather than a perfectly localized surviving estate series.
Cape Colony,moderate_suitability_plantation,1936,65000.0,0.65,35912.5,Wood is audited as potential effective commercial forestry land; representative year is metadata only and not GDP-selected.,"Western Cape remains plantation-first, but depleted southern coastal forest belts justify a capped restoration allowance above the surviving estate footprint.",Trade & Industrial Policy Strategies: South Africa’s Forestry Value Chain,https://www.tips.org.za/policy-briefs/item/download/1951_b81dc50ab22218561eec628aa634d782,"Western Cape afforested area = 43,146 ha in 2017; used here as the surviving managed-estate floor, not the full potential ceiling.",cape_economics.md,/Users/depro/Documents/Paradox Interactive/Victoria 3/mod/References/research/cape_economics.md,"Timber was scarce in the arid Cape interior, but the southern coastal mountains retained exploitable forest belts and sawmilling activity.",regional_proxy,partial_overlap,distinct_slot_supported,0.85,Cape Colony wood capacity is bounded by a Western Cape plantation/restoration proxy rather than a perfectly localized surviving estate series.
Cape Colony,restorable_commercial_forest,1936,90000.0,0.4,30600.0,Wood is audited as potential effective commercial forestry land; representative year is metadata only and not GDP-selected.,"Western Cape remains plantation-first, but depleted southern coastal forest belts justify a capped restoration allowance above the surviving estate footprint.",Trade & Industrial Policy Strategies: South Africa’s Forestry Value Chain,https://www.tips.org.za/policy-briefs/item/download/1951_b81dc50ab22218561eec628aa634d782,"Western Cape afforested area = 43,146 ha in 2017; used here as the surviving managed-estate floor, not the full potential ceiling.",cape_economics.md,/Users/depro/Documents/Paradox Interactive/Victoria 3/mod/References/research/cape_economics.md,"Timber was scarce in the arid Cape interior, but the southern coastal mountains retained exploitable forest belts and sawmilling activity.",regional_proxy,partial_overlap,distinct_slot_supported,0.85,Cape Colony wood capacity is bounded by a Western Cape plantation/restoration proxy rather than a perfectly localized surviving estate series.
Cape Colony,marginal_forestry,1936,40000.0,0.15,5100.0,Wood is audited as potential effective commercial forestry land; representative year is metadata only and not GDP-selected.,"Western Cape remains plantation-first, but depleted southern coastal forest belts justify a capped restoration allowance above the surviving estate footprint.",Trade & Industrial Policy Strategies: South Africa’s Forestry Value Chain,https://www.tips.org.za/policy-briefs/item/download/1951_b81dc50ab22218561eec628aa634d782,"Western Cape afforested area = 43,146 ha in 2017; used here as the surviving managed-estate floor, not the full potential ceiling.",cape_economics.md,/Users/depro/Documents/Paradox Interactive/Victoria 3/mod/References/research/cape_economics.md,"Timber was scarce in the arid Cape interior, but the southern coastal mountains retained exploitable forest belts and sawmilling activity.",regional_proxy,partial_overlap,distinct_slot_supported,0.85,Cape Colony wood capacity is bounded by a Western Cape plantation/restoration proxy rather than a perfectly localized surviving estate series.
Cape Colony,noncommercial_wooded_land,1936,0.0,0.0,0.0,Wood is audited as potential effective commercial forestry land; representative year is metadata only and not GDP-selected.,"Western Cape remains plantation-first, but depleted southern coastal forest belts justify a capped restoration allowance above the surviving estate footprint.",Trade & Industrial Policy Strategies: South Africa’s Forestry Value Chain,https://www.tips.org.za/policy-briefs/item/download/1951_b81dc50ab22218561eec628aa634d782,"Western Cape afforested area = 43,146 ha in 2017; used here as the surviving managed-estate floor, not the full potential ceiling.",cape_economics.md,/Users/depro/Documents/Paradox Interactive/Victoria 3/mod/References/research/cape_economics.md,"Timber was scarce in the arid Cape interior, but the southern coastal mountains retained exploitable forest belts and sawmilling activity.",regional_proxy,partial_overlap,distinct_slot_supported,0.85,Cape Colony wood capacity is bounded by a Western Cape plantation/restoration proxy rather than a perfectly localized surviving estate series.
Cape Colony,arid_or_unusable,1936,0.0,0.0,0.0,Wood is audited as potential effective commercial forestry land; representative year is metadata only and not GDP-selected.,"Western Cape remains plantation-first, but depleted southern coastal forest belts justify a capped restoration allowance above the surviving estate footprint.",Trade & Industrial Policy Strategies: South Africa’s Forestry Value Chain,https://www.tips.org.za/policy-briefs/item/download/1951_b81dc50ab22218561eec628aa634d782,"Western Cape afforested area = 43,146 ha in 2017; used here as the surviving managed-estate floor, not the full potential ceiling.",cape_economics.md,/Users/depro/Documents/Paradox Interactive/Victoria 3/mod/References/research/cape_economics.md,"Timber was scarce in the arid Cape interior, but the southern coastal mountains retained exploitable forest belts and sawmilling activity.",regional_proxy,partial_overlap,distinct_slot_supported,0.85,Cape Colony wood capacity is bounded by a Western Cape plantation/restoration proxy rather than a perfectly localized surviving estate series.
Northern Cape,high_suitability_plantation,1936,0.0,1.0,0.0,Wood is audited as potential effective commercial forestry land; representative year is metadata only and not GDP-selected.,Dry interior and riverine fringes do not justify a meaningful commercial forestry belt in this audit.,cape_economics.md,/Users/depro/Documents/Paradox Interactive/Victoria 3/mod/References/research/cape_economics.md,Timber was scarce in the arid parts of the colony; exploitable forests sat in the southern coastal mountains rather than the dry interior.,Zuidelijk Afrika als landbouw- en visserijregio voor een Victoria 3-mod,/Users/depro/Documents/Paradox Interactive/Victoria 3/mod/References/research/agriculture and fisheries research.md,Northern Cape and adjacent dry belts are arid-to-semi-arid systems where irrigation and grazing matter far more than forestry.,state_localized,direct,broad_potential_only,1.0,Northern Cape has no distinct commercial forestry slot; broad dryland woodedness does not drive x.
Northern Cape,moderate_suitability_plantation,1936,0.0,0.65,0.0,Wood is audited as potential effective commercial forestry land; representative year is metadata only and not GDP-selected.,Dry interior and riverine fringes do not justify a meaningful commercial forestry belt in this audit.,cape_economics.md,/Users/depro/Documents/Paradox Interactive/Victoria 3/mod/References/research/cape_economics.md,Timber was scarce in the arid parts of the colony; exploitable forests sat in the southern coastal mountains rather than the dry interior.,Zuidelijk Afrika als landbouw- en visserijregio voor een Victoria 3-mod,/Users/depro/Documents/Paradox Interactive/Victoria 3/mod/References/research/agriculture and fisheries research.md,Northern Cape and adjacent dry belts are arid-to-semi-arid systems where irrigation and grazing matter far more than forestry.,state_localized,direct,broad_potential_only,1.0,Northern Cape has no distinct commercial forestry slot; broad dryland woodedness does not drive x.
Northern Cape,restorable_commercial_forest,1936,0.0,0.4,0.0,Wood is audited as potential effective commercial forestry land; representative year is metadata only and not GDP-selected.,Dry interior and riverine fringes do not justify a meaningful commercial forestry belt in this audit.,cape_economics.md,/Users/depro/Documents/Paradox Interactive/Victoria 3/mod/References/research/cape_economics.md,Timber was scarce in the arid parts of the colony; exploitable forests sat in the southern coastal mountains rather than the dry interior.,Zuidelijk Afrika als landbouw- en visserijregio voor een Victoria 3-mod,/Users/depro/Documents/Paradox Interactive/Victoria 3/mod/References/research/agriculture and fisheries research.md,Northern Cape and adjacent dry belts are arid-to-semi-arid systems where irrigation and grazing matter far more than forestry.,state_localized,direct,broad_potential_only,1.0,Northern Cape has no distinct commercial forestry slot; broad dryland woodedness does not drive x.
Northern Cape,marginal_forestry,1936,0.0,0.15,0.0,Wood is audited as potential effective commercial forestry land; representative year is metadata only and not GDP-selected.,Dry interior and riverine fringes do not justify a meaningful commercial forestry belt in this audit.,cape_economics.md,/Users/depro/Documents/Paradox Interactive/Victoria 3/mod/References/research/cape_economics.md,Timber was scarce in the arid parts of the colony; exploitable forests sat in the southern coastal mountains rather than the dry interior.,Zuidelijk Afrika als landbouw- en visserijregio voor een Victoria 3-mod,/Users/depro/Documents/Paradox Interactive/Victoria 3/mod/References/research/agriculture and fisheries research.md,Northern Cape and adjacent dry belts are arid-to-semi-arid systems where irrigation and grazing matter far more than forestry.,state_localized,direct,broad_potential_only,1.0,Northern Cape has no distinct commercial forestry slot; broad dryland woodedness does not drive x.
Northern Cape,noncommercial_wooded_land,1936,0.0,0.0,0.0,Wood is audited as potential effective commercial forestry land; representative year is metadata only and not GDP-selected.,Dry interior and riverine fringes do not justify a meaningful commercial forestry belt in this audit.,cape_economics.md,/Users/depro/Documents/Paradox Interactive/Victoria 3/mod/References/research/cape_economics.md,Timber was scarce in the arid parts of the colony; exploitable forests sat in the southern coastal mountains rather than the dry interior.,Zuidelijk Afrika als landbouw- en visserijregio voor een Victoria 3-mod,/Users/depro/Documents/Paradox Interactive/Victoria 3/mod/References/research/agriculture and fisheries research.md,Northern Cape and adjacent dry belts are arid-to-semi-arid systems where irrigation and grazing matter far more than forestry.,state_localized,direct,broad_potential_only,1.0,Northern Cape has no distinct commercial forestry slot; broad dryland woodedness does not drive x.
Northern Cape,arid_or_unusable,1936,0.0,0.0,0.0,Wood is audited as potential effective commercial forestry land; representative year is metadata only and not GDP-selected.,Dry interior and riverine fringes do not justify a meaningful commercial forestry belt in this audit.,cape_economics.md,/Users/depro/Documents/Paradox Interactive/Victoria 3/mod/References/research/cape_economics.md,Timber was scarce in the arid parts of the colony; exploitable forests sat in the southern coastal mountains rather than the dry interior.,Zuidelijk Afrika als landbouw- en visserijregio voor een Victoria 3-mod,/Users/depro/Documents/Paradox Interactive/Victoria 3/mod/References/research/agriculture and fisheries research.md,Northern Cape and adjacent dry belts are arid-to-semi-arid systems where irrigation and grazing matter far more than forestry.,state_localized,direct,broad_potential_only,1.0,Northern Cape has no distinct commercial forestry slot; broad dryland woodedness does not drive x.
Eastern Cape,high_suitability_plantation,1936,95000.0,1.0,95000.0,Wood is audited as potential effective commercial forestry land; representative year is metadata only and not GDP-selected.,Eastern Cape combines the surviving timber belt with a capped restoration allowance for the historically depleted Tsitsikamma-Outeniqua forestry zone.,Trade & Industrial Policy Strategies: South Africa’s Forestry Value Chain,https://www.tips.org.za/policy-briefs/item/download/1951_b81dc50ab22218561eec628aa634d782,"Eastern Cape afforested area = 141,812 ha in 2017; treated here as the surviving estate floor beneath a broader potential-capacity estimate.",cape_economics.md,/Users/depro/Documents/Paradox Interactive/Victoria 3/mod/References/research/cape_economics.md,The southern coastal mountains retained exploitable forests; the Eastern Cape timber economy is stronger than the western Cape interior.,state_localized,direct,distinct_slot_supported,1.0,Eastern Cape wood capacity is treated as a localized commercial forestry belt.
Eastern Cape,moderate_suitability_plantation,1936,140000.0,0.65,91000.0,Wood is audited as potential effective commercial forestry land; representative year is metadata only and not GDP-selected.,Eastern Cape combines the surviving timber belt with a capped restoration allowance for the historically depleted Tsitsikamma-Outeniqua forestry zone.,Trade & Industrial Policy Strategies: South Africa’s Forestry Value Chain,https://www.tips.org.za/policy-briefs/item/download/1951_b81dc50ab22218561eec628aa634d782,"Eastern Cape afforested area = 141,812 ha in 2017; treated here as the surviving estate floor beneath a broader potential-capacity estimate.",cape_economics.md,/Users/depro/Documents/Paradox Interactive/Victoria 3/mod/References/research/cape_economics.md,The southern coastal mountains retained exploitable forests; the Eastern Cape timber economy is stronger than the western Cape interior.,state_localized,direct,distinct_slot_supported,1.0,Eastern Cape wood capacity is treated as a localized commercial forestry belt.
Eastern Cape,restorable_commercial_forest,1936,180000.0,0.4,72000.0,Wood is audited as potential effective commercial forestry land; representative year is metadata only and not GDP-selected.,Eastern Cape combines the surviving timber belt with a capped restoration allowance for the historically depleted Tsitsikamma-Outeniqua forestry zone.,Trade & Industrial Policy Strategies: South Africa’s Forestry Value Chain,https://www.tips.org.za/policy-briefs/item/download/1951_b81dc50ab22218561eec628aa634d782,"Eastern Cape afforested area = 141,812 ha in 2017; treated here as the surviving estate floor beneath a broader potential-capacity estimate.",cape_economics.md,/Users/depro/Documents/Paradox Interactive/Victoria 3/mod/References/research/cape_economics.md,The southern coastal mountains retained exploitable forests; the Eastern Cape timber economy is stronger than the western Cape interior.,state_localized,direct,distinct_slot_supported,1.0,Eastern Cape wood capacity is treated as a localized commercial forestry belt.
Eastern Cape,marginal_forestry,1936,55000.0,0.15,8250.0,Wood is audited as potential effective commercial forestry land; representative year is metadata only and not GDP-selected.,Eastern Cape combines the surviving timber belt with a capped restoration allowance for the historically depleted Tsitsikamma-Outeniqua forestry zone.,Trade & Industrial Policy Strategies: South Africa’s Forestry Value Chain,https://www.tips.org.za/policy-briefs/item/download/1951_b81dc50ab22218561eec628aa634d782,"Eastern Cape afforested area = 141,812 ha in 2017; treated here as the surviving estate floor beneath a broader potential-capacity estimate.",cape_economics.md,/Users/depro/Documents/Paradox Interactive/Victoria 3/mod/References/research/cape_economics.md,The southern coastal mountains retained exploitable forests; the Eastern Cape timber economy is stronger than the western Cape interior.,state_localized,direct,distinct_slot_supported,1.0,Eastern Cape wood capacity is treated as a localized commercial forestry belt.
Eastern Cape,noncommercial_wooded_land,1936,0.0,0.0,0.0,Wood is audited as potential effective commercial forestry land; representative year is metadata only and not GDP-selected.,Eastern Cape combines the surviving timber belt with a capped restoration allowance for the historically depleted Tsitsikamma-Outeniqua forestry zone.,Trade & Industrial Policy Strategies: South Africa’s Forestry Value Chain,https://www.tips.org.za/policy-briefs/item/download/1951_b81dc50ab22218561eec628aa634d782,"Eastern Cape afforested area = 141,812 ha in 2017; treated here as the surviving estate floor beneath a broader potential-capacity estimate.",cape_economics.md,/Users/depro/Documents/Paradox Interactive/Victoria 3/mod/References/research/cape_economics.md,The southern coastal mountains retained exploitable forests; the Eastern Cape timber economy is stronger than the western Cape interior.,state_localized,direct,distinct_slot_supported,1.0,Eastern Cape wood capacity is treated as a localized commercial forestry belt.
Eastern Cape,arid_or_unusable,1936,0.0,0.0,0.0,Wood is audited as potential effective commercial forestry land; representative year is metadata only and not GDP-selected.,Eastern Cape combines the surviving timber belt with a capped restoration allowance for the historically depleted Tsitsikamma-Outeniqua forestry zone.,Trade & Industrial Policy Strategies: South Africa’s Forestry Value Chain,https://www.tips.org.za/policy-briefs/item/download/1951_b81dc50ab22218561eec628aa634d782,"Eastern Cape afforested area = 141,812 ha in 2017; treated here as the surviving estate floor beneath a broader potential-capacity estimate.",cape_economics.md,/Users/depro/Documents/Paradox Interactive/Victoria 3/mod/References/research/cape_economics.md,The southern coastal mountains retained exploitable forests; the Eastern Cape timber economy is stronger than the western Cape interior.,state_localized,direct,distinct_slot_supported,1.0,Eastern Cape wood capacity is treated as a localized commercial forestry belt.
West Transvaal,high_suitability_plantation,1936,0.0,1.0,0.0,Wood is audited as potential effective commercial forestry land; representative year is metadata only and not GDP-selected.,Interior plateau grain-and-mining country without a serious commercial forestry identity in this audit.,Southern Africa comparator states ranked per region,/Users/depro/Documents/Paradox Interactive/Victoria 3/mod/References/research/southern_africa_comparator_states_ranked_per_region.md,"Gauteng and North West are defined primarily by maize, livestock, mining, and interior plateau farming rather than forestry belts.",Zuidelijk Afrika als landbouw- en visserijregio voor een Victoria 3-mod,/Users/depro/Documents/Paradox Interactive/Victoria 3/mod/References/research/agriculture and fisheries research.md,"North West and Gauteng profiles are inland cereal-and-stock systems, not plantation or forest economies.",state_localized,direct,broad_potential_only,1.0,West Transvaal has no distinct commercial forestry slot; wooded land does not drive x.
West Transvaal,moderate_suitability_plantation,1936,0.0,0.65,0.0,Wood is audited as potential effective commercial forestry land; representative year is metadata only and not GDP-selected.,Interior plateau grain-and-mining country without a serious commercial forestry identity in this audit.,Southern Africa comparator states ranked per region,/Users/depro/Documents/Paradox Interactive/Victoria 3/mod/References/research/southern_africa_comparator_states_ranked_per_region.md,"Gauteng and North West are defined primarily by maize, livestock, mining, and interior plateau farming rather than forestry belts.",Zuidelijk Afrika als landbouw- en visserijregio voor een Victoria 3-mod,/Users/depro/Documents/Paradox Interactive/Victoria 3/mod/References/research/agriculture and fisheries research.md,"North West and Gauteng profiles are inland cereal-and-stock systems, not plantation or forest economies.",state_localized,direct,broad_potential_only,1.0,West Transvaal has no distinct commercial forestry slot; wooded land does not drive x.
West Transvaal,restorable_commercial_forest,1936,0.0,0.4,0.0,Wood is audited as potential effective commercial forestry land; representative year is metadata only and not GDP-selected.,Interior plateau grain-and-mining country without a serious commercial forestry identity in this audit.,Southern Africa comparator states ranked per region,/Users/depro/Documents/Paradox Interactive/Victoria 3/mod/References/research/southern_africa_comparator_states_ranked_per_region.md,"Gauteng and North West are defined primarily by maize, livestock, mining, and interior plateau farming rather than forestry belts.",Zuidelijk Afrika als landbouw- en visserijregio voor een Victoria 3-mod,/Users/depro/Documents/Paradox Interactive/Victoria 3/mod/References/research/agriculture and fisheries research.md,"North West and Gauteng profiles are inland cereal-and-stock systems, not plantation or forest economies.",state_localized,direct,broad_potential_only,1.0,West Transvaal has no distinct commercial forestry slot; wooded land does not drive x.
West Transvaal,marginal_forestry,1936,0.0,0.15,0.0,Wood is audited as potential effective commercial forestry land; representative year is metadata only and not GDP-selected.,Interior plateau grain-and-mining country without a serious commercial forestry identity in this audit.,Southern Africa comparator states ranked per region,/Users/depro/Documents/Paradox Interactive/Victoria 3/mod/References/research/southern_africa_comparator_states_ranked_per_region.md,"Gauteng and North West are defined primarily by maize, livestock, mining, and interior plateau farming rather than forestry belts.",Zuidelijk Afrika als landbouw- en visserijregio voor een Victoria 3-mod,/Users/depro/Documents/Paradox Interactive/Victoria 3/mod/References/research/agriculture and fisheries research.md,"North West and Gauteng profiles are inland cereal-and-stock systems, not plantation or forest economies.",state_localized,direct,broad_potential_only,1.0,West Transvaal has no distinct commercial forestry slot; wooded land does not drive x.
West Transvaal,noncommercial_wooded_land,1936,0.0,0.0,0.0,Wood is audited as potential effective commercial forestry land; representative year is metadata only and not GDP-selected.,Interior plateau grain-and-mining country without a serious commercial forestry identity in this audit.,Southern Africa comparator states ranked per region,/Users/depro/Documents/Paradox Interactive/Victoria 3/mod/References/research/southern_africa_comparator_states_ranked_per_region.md,"Gauteng and North West are defined primarily by maize, livestock, mining, and interior plateau farming rather than forestry belts.",Zuidelijk Afrika als landbouw- en visserijregio voor een Victoria 3-mod,/Users/depro/Documents/Paradox Interactive/Victoria 3/mod/References/research/agriculture and fisheries research.md,"North West and Gauteng profiles are inland cereal-and-stock systems, not plantation or forest economies.",state_localized,direct,broad_potential_only,1.0,West Transvaal has no distinct commercial forestry slot; wooded land does not drive x.
West Transvaal,arid_or_unusable,1936,0.0,0.0,0.0,Wood is audited as potential effective commercial forestry land; representative year is metadata only and not GDP-selected.,Interior plateau grain-and-mining country without a serious commercial forestry identity in this audit.,Southern Africa comparator states ranked per region,/Users/depro/Documents/Paradox Interactive/Victoria 3/mod/References/research/southern_africa_comparator_states_ranked_per_region.md,"Gauteng and North West are defined primarily by maize, livestock, mining, and interior plateau farming rather than forestry belts.",Zuidelijk Afrika als landbouw- en visserijregio voor een Victoria 3-mod,/Users/depro/Documents/Paradox Interactive/Victoria 3/mod/References/research/agriculture and fisheries research.md,"North West and Gauteng profiles are inland cereal-and-stock systems, not plantation or forest economies.",state_localized,direct,broad_potential_only,1.0,West Transvaal has no distinct commercial forestry slot; wooded land does not drive x.
Eastern Transvaal,high_suitability_plantation,1936,180000.0,1.0,180000.0,Wood is audited as potential effective commercial forestry land; representative year is metadata only and not GDP-selected.,"The wetter eastern escarpment remains the strongest commercial forestry state in-scope, with only a small restoration allowance above the surviving plantation estate.",Report on Commercial Timber Resources and Primary Roundwood Processing in South Africa 2019/2020,https://www.dffe.gov.za/sites/default/files/reports/research/forestry/annualreport_commercialtimberresources_primaryroundwoodprocessing2019to2020.pdf,"Table 20: Mpumalanga plantation area in 2019/20 = 348,111 ha; used here as the surviving estate floor.",Southern Africa comparator states ranked per region,/Users/depro/Documents/Paradox Interactive/Victoria 3/mod/References/research/southern_africa_comparator_states_ranked_per_region.md,"[^mpu]: Mpumalanga and Eswatini combine sugarcane, citrus, forestry, maize, and cattle across a humid escarpment-to-lowveld gradient.",state_localized,direct,distinct_slot_supported,1.0,Eastern Transvaal wood capacity is treated as a localized commercial forestry belt.
Eastern Transvaal,moderate_suitability_plantation,1936,220000.0,0.65,143000.0,Wood is audited as potential effective commercial forestry land; representative year is metadata only and not GDP-selected.,"The wetter eastern escarpment remains the strongest commercial forestry state in-scope, with only a small restoration allowance above the surviving plantation estate.",Report on Commercial Timber Resources and Primary Roundwood Processing in South Africa 2019/2020,https://www.dffe.gov.za/sites/default/files/reports/research/forestry/annualreport_commercialtimberresources_primaryroundwoodprocessing2019to2020.pdf,"Table 20: Mpumalanga plantation area in 2019/20 = 348,111 ha; used here as the surviving estate floor.",Southern Africa comparator states ranked per region,/Users/depro/Documents/Paradox Interactive/Victoria 3/mod/References/research/southern_africa_comparator_states_ranked_per_region.md,"[^mpu]: Mpumalanga and Eswatini combine sugarcane, citrus, forestry, maize, and cattle across a humid escarpment-to-lowveld gradient.",state_localized,direct,distinct_slot_supported,1.0,Eastern Transvaal wood capacity is treated as a localized commercial forestry belt.
Eastern Transvaal,restorable_commercial_forest,1936,60000.0,0.4,24000.0,Wood is audited as potential effective commercial forestry land; representative year is metadata only and not GDP-selected.,"The wetter eastern escarpment remains the strongest commercial forestry state in-scope, with only a small restoration allowance above the surviving plantation estate.",Report on Commercial Timber Resources and Primary Roundwood Processing in South Africa 2019/2020,https://www.dffe.gov.za/sites/default/files/reports/research/forestry/annualreport_commercialtimberresources_primaryroundwoodprocessing2019to2020.pdf,"Table 20: Mpumalanga plantation area in 2019/20 = 348,111 ha; used here as the surviving estate floor.",Southern Africa comparator states ranked per region,/Users/depro/Documents/Paradox Interactive/Victoria 3/mod/References/research/southern_africa_comparator_states_ranked_per_region.md,"[^mpu]: Mpumalanga and Eswatini combine sugarcane, citrus, forestry, maize, and cattle across a humid escarpment-to-lowveld gradient.",state_localized,direct,distinct_slot_supported,1.0,Eastern Transvaal wood capacity is treated as a localized commercial forestry belt.
Eastern Transvaal,marginal_forestry,1936,40000.0,0.15,6000.0,Wood is audited as potential effective commercial forestry land; representative year is metadata only and not GDP-selected.,"The wetter eastern escarpment remains the strongest commercial forestry state in-scope, with only a small restoration allowance above the surviving plantation estate.",Report on Commercial Timber Resources and Primary Roundwood Processing in South Africa 2019/2020,https://www.dffe.gov.za/sites/default/files/reports/research/forestry/annualreport_commercialtimberresources_primaryroundwoodprocessing2019to2020.pdf,"Table 20: Mpumalanga plantation area in 2019/20 = 348,111 ha; used here as the surviving estate floor.",Southern Africa comparator states ranked per region,/Users/depro/Documents/Paradox Interactive/Victoria 3/mod/References/research/southern_africa_comparator_states_ranked_per_region.md,"[^mpu]: Mpumalanga and Eswatini combine sugarcane, citrus, forestry, maize, and cattle across a humid escarpment-to-lowveld gradient.",state_localized,direct,distinct_slot_supported,1.0,Eastern Transvaal wood capacity is treated as a localized commercial forestry belt.
Eastern Transvaal,noncommercial_wooded_land,1936,0.0,0.0,0.0,Wood is audited as potential effective commercial forestry land; representative year is metadata only and not GDP-selected.,"The wetter eastern escarpment remains the strongest commercial forestry state in-scope, with only a small restoration allowance above the surviving plantation estate.",Report on Commercial Timber Resources and Primary Roundwood Processing in South Africa 2019/2020,https://www.dffe.gov.za/sites/default/files/reports/research/forestry/annualreport_commercialtimberresources_primaryroundwoodprocessing2019to2020.pdf,"Table 20: Mpumalanga plantation area in 2019/20 = 348,111 ha; used here as the surviving estate floor.",Southern Africa comparator states ranked per region,/Users/depro/Documents/Paradox Interactive/Victoria 3/mod/References/research/southern_africa_comparator_states_ranked_per_region.md,"[^mpu]: Mpumalanga and Eswatini combine sugarcane, citrus, forestry, maize, and cattle across a humid escarpment-to-lowveld gradient.",state_localized,direct,distinct_slot_supported,1.0,Eastern Transvaal wood capacity is treated as a localized commercial forestry belt.
Eastern Transvaal,arid_or_unusable,1936,0.0,0.0,0.0,Wood is audited as potential effective commercial forestry land; representative year is metadata only and not GDP-selected.,"The wetter eastern escarpment remains the strongest commercial forestry state in-scope, with only a small restoration allowance above the surviving plantation estate.",Report on Commercial Timber Resources and Primary Roundwood Processing in South Africa 2019/2020,https://www.dffe.gov.za/sites/default/files/reports/research/forestry/annualreport_commercialtimberresources_primaryroundwoodprocessing2019to2020.pdf,"Table 20: Mpumalanga plantation area in 2019/20 = 348,111 ha; used here as the surviving estate floor.",Southern Africa comparator states ranked per region,/Users/depro/Documents/Paradox Interactive/Victoria 3/mod/References/research/southern_africa_comparator_states_ranked_per_region.md,"[^mpu]: Mpumalanga and Eswatini combine sugarcane, citrus, forestry, maize, and cattle across a humid escarpment-to-lowveld gradient.",state_localized,direct,distinct_slot_supported,1.0,Eastern Transvaal wood capacity is treated as a localized commercial forestry belt.
Northern Transvaal,high_suitability_plantation,1936,7500.0,1.0,7500.0,Wood is audited as potential effective commercial forestry land; representative year is metadata only and not GDP-selected.,"Limpopo's small plantation fringe around the eastern escarpment is enough to justify a token wood row, but not a broad forestry-state cap.",Report on Commercial Timber Resources and Primary Roundwood Processing in South Africa 2019/2020,https://www.dffe.gov.za/sites/default/files/reports/research/forestry/annualreport_commercialtimberresources_primaryroundwoodprocessing2019to2020.pdf,"Table 20 and Limpopo section: 32,589 ha of commercial timber plantations were recorded in Limpopo in 2019/20.",Southern Africa comparator states ranked per region,/Users/depro/Documents/Paradox Interactive/Victoria 3/mod/References/research/southern_africa_comparator_states_ranked_per_region.md,"Limpopo is a warm mixed-farming zone, not a major forestry province; any forestry row should stay small and escarpment-fringe rather than statewide.",state_localized,direct,distinct_slot_supported,1.0,Northern Transvaal wood capacity is localized to a small Limpopo plantation fringe around the eastern escarpment; it is not a broad forestry-state claim.
Northern Transvaal,moderate_suitability_plantation,1936,13500.0,0.65,8775.0,Wood is audited as potential effective commercial forestry land; representative year is metadata only and not GDP-selected.,"Limpopo's small plantation fringe around the eastern escarpment is enough to justify a token wood row, but not a broad forestry-state cap.",Report on Commercial Timber Resources and Primary Roundwood Processing in South Africa 2019/2020,https://www.dffe.gov.za/sites/default/files/reports/research/forestry/annualreport_commercialtimberresources_primaryroundwoodprocessing2019to2020.pdf,"Table 20 and Limpopo section: 32,589 ha of commercial timber plantations were recorded in Limpopo in 2019/20.",Southern Africa comparator states ranked per region,/Users/depro/Documents/Paradox Interactive/Victoria 3/mod/References/research/southern_africa_comparator_states_ranked_per_region.md,"Limpopo is a warm mixed-farming zone, not a major forestry province; any forestry row should stay small and escarpment-fringe rather than statewide.",state_localized,direct,distinct_slot_supported,1.0,Northern Transvaal wood capacity is localized to a small Limpopo plantation fringe around the eastern escarpment; it is not a broad forestry-state claim.
Northern Transvaal,restorable_commercial_forest,1936,0.0,0.4,0.0,Wood is audited as potential effective commercial forestry land; representative year is metadata only and not GDP-selected.,"Limpopo's small plantation fringe around the eastern escarpment is enough to justify a token wood row, but not a broad forestry-state cap.",Report on Commercial Timber Resources and Primary Roundwood Processing in South Africa 2019/2020,https://www.dffe.gov.za/sites/default/files/reports/research/forestry/annualreport_commercialtimberresources_primaryroundwoodprocessing2019to2020.pdf,"Table 20 and Limpopo section: 32,589 ha of commercial timber plantations were recorded in Limpopo in 2019/20.",Southern Africa comparator states ranked per region,/Users/depro/Documents/Paradox Interactive/Victoria 3/mod/References/research/southern_africa_comparator_states_ranked_per_region.md,"Limpopo is a warm mixed-farming zone, not a major forestry province; any forestry row should stay small and escarpment-fringe rather than statewide.",state_localized,direct,distinct_slot_supported,1.0,Northern Transvaal wood capacity is localized to a small Limpopo plantation fringe around the eastern escarpment; it is not a broad forestry-state claim.
Northern Transvaal,marginal_forestry,1936,11250.0,0.15,1687.5,Wood is audited as potential effective commercial forestry land; representative year is metadata only and not GDP-selected.,"Limpopo's small plantation fringe around the eastern escarpment is enough to justify a token wood row, but not a broad forestry-state cap.",Report on Commercial Timber Resources and Primary Roundwood Processing in South Africa 2019/2020,https://www.dffe.gov.za/sites/default/files/reports/research/forestry/annualreport_commercialtimberresources_primaryroundwoodprocessing2019to2020.pdf,"Table 20 and Limpopo section: 32,589 ha of commercial timber plantations were recorded in Limpopo in 2019/20.",Southern Africa comparator states ranked per region,/Users/depro/Documents/Paradox Interactive/Victoria 3/mod/References/research/southern_africa_comparator_states_ranked_per_region.md,"Limpopo is a warm mixed-farming zone, not a major forestry province; any forestry row should stay small and escarpment-fringe rather than statewide.",state_localized,direct,distinct_slot_supported,1.0,Northern Transvaal wood capacity is localized to a small Limpopo plantation fringe around the eastern escarpment; it is not a broad forestry-state claim.
Northern Transvaal,noncommercial_wooded_land,1936,0.0,0.0,0.0,Wood is audited as potential effective commercial forestry land; representative year is metadata only and not GDP-selected.,"Limpopo's small plantation fringe around the eastern escarpment is enough to justify a token wood row, but not a broad forestry-state cap.",Report on Commercial Timber Resources and Primary Roundwood Processing in South Africa 2019/2020,https://www.dffe.gov.za/sites/default/files/reports/research/forestry/annualreport_commercialtimberresources_primaryroundwoodprocessing2019to2020.pdf,"Table 20 and Limpopo section: 32,589 ha of commercial timber plantations were recorded in Limpopo in 2019/20.",Southern Africa comparator states ranked per region,/Users/depro/Documents/Paradox Interactive/Victoria 3/mod/References/research/southern_africa_comparator_states_ranked_per_region.md,"Limpopo is a warm mixed-farming zone, not a major forestry province; any forestry row should stay small and escarpment-fringe rather than statewide.",state_localized,direct,distinct_slot_supported,1.0,Northern Transvaal wood capacity is localized to a small Limpopo plantation fringe around the eastern escarpment; it is not a broad forestry-state claim.
Northern Transvaal,arid_or_unusable,1936,0.0,0.0,0.0,Wood is audited as potential effective commercial forestry land; representative year is metadata only and not GDP-selected.,"Limpopo's small plantation fringe around the eastern escarpment is enough to justify a token wood row, but not a broad forestry-state cap.",Report on Commercial Timber Resources and Primary Roundwood Processing in South Africa 2019/2020,https://www.dffe.gov.za/sites/default/files/reports/research/forestry/annualreport_commercialtimberresources_primaryroundwoodprocessing2019to2020.pdf,"Table 20 and Limpopo section: 32,589 ha of commercial timber plantations were recorded in Limpopo in 2019/20.",Southern Africa comparator states ranked per region,/Users/depro/Documents/Paradox Interactive/Victoria 3/mod/References/research/southern_africa_comparator_states_ranked_per_region.md,"Limpopo is a warm mixed-farming zone, not a major forestry province; any forestry row should stay small and escarpment-fringe rather than statewide.",state_localized,direct,distinct_slot_supported,1.0,Northern Transvaal wood capacity is localized to a small Limpopo plantation fringe around the eastern escarpment; it is not a broad forestry-state claim.
Transorangia,high_suitability_plantation,1936,0.0,1.0,0.0,Wood is audited as potential effective commercial forestry land; representative year is metadata only and not GDP-selected.,Interior cereal-and-stock heartland without a reviewed commercial forestry block in this audit.,Zuidelijk Afrika als landbouw- en visserijregio voor een Victoria 3-mod,/Users/depro/Documents/Paradox Interactive/Victoria 3/mod/References/research/agriculture and fisheries research.md,"Free State is a major maize, wheat, cattle, and sheep province rather than a commercial forestry region.",Southern Africa comparator states ranked per region,/Users/depro/Documents/Paradox Interactive/Victoria 3/mod/References/research/southern_africa_comparator_states_ranked_per_region.md,"Free State comparator profile emphasizes cereal-and-stock land use, not a forestry belt.",state_localized,direct,broad_potential_only,1.0,Transorangia has no distinct commercial forestry slot; woodland does not drive x.
Transorangia,moderate_suitability_plantation,1936,0.0,0.65,0.0,Wood is audited as potential effective commercial forestry land; representative year is metadata only and not GDP-selected.,Interior cereal-and-stock heartland without a reviewed commercial forestry block in this audit.,Zuidelijk Afrika als landbouw- en visserijregio voor een Victoria 3-mod,/Users/depro/Documents/Paradox Interactive/Victoria 3/mod/References/research/agriculture and fisheries research.md,"Free State is a major maize, wheat, cattle, and sheep province rather than a commercial forestry region.",Southern Africa comparator states ranked per region,/Users/depro/Documents/Paradox Interactive/Victoria 3/mod/References/research/southern_africa_comparator_states_ranked_per_region.md,"Free State comparator profile emphasizes cereal-and-stock land use, not a forestry belt.",state_localized,direct,broad_potential_only,1.0,Transorangia has no distinct commercial forestry slot; woodland does not drive x.
Transorangia,restorable_commercial_forest,1936,0.0,0.4,0.0,Wood is audited as potential effective commercial forestry land; representative year is metadata only and not GDP-selected.,Interior cereal-and-stock heartland without a reviewed commercial forestry block in this audit.,Zuidelijk Afrika als landbouw- en visserijregio voor een Victoria 3-mod,/Users/depro/Documents/Paradox Interactive/Victoria 3/mod/References/research/agriculture and fisheries research.md,"Free State is a major maize, wheat, cattle, and sheep province rather than a commercial forestry region.",Southern Africa comparator states ranked per region,/Users/depro/Documents/Paradox Interactive/Victoria 3/mod/References/research/southern_africa_comparator_states_ranked_per_region.md,"Free State comparator profile emphasizes cereal-and-stock land use, not a forestry belt.",state_localized,direct,broad_potential_only,1.0,Transorangia has no distinct commercial forestry slot; woodland does not drive x.
Transorangia,marginal_forestry,1936,0.0,0.15,0.0,Wood is audited as potential effective commercial forestry land; representative year is metadata only and not GDP-selected.,Interior cereal-and-stock heartland without a reviewed commercial forestry block in this audit.,Zuidelijk Afrika als landbouw- en visserijregio voor een Victoria 3-mod,/Users/depro/Documents/Paradox Interactive/Victoria 3/mod/References/research/agriculture and fisheries research.md,"Free State is a major maize, wheat, cattle, and sheep province rather than a commercial forestry region.",Southern Africa comparator states ranked per region,/Users/depro/Documents/Paradox Interactive/Victoria 3/mod/References/research/southern_africa_comparator_states_ranked_per_region.md,"Free State comparator profile emphasizes cereal-and-stock land use, not a forestry belt.",state_localized,direct,broad_potential_only,1.0,Transorangia has no distinct commercial forestry slot; woodland does not drive x.
Transorangia,noncommercial_wooded_land,1936,0.0,0.0,0.0,Wood is audited as potential effective commercial forestry land; representative year is metadata only and not GDP-selected.,Interior cereal-and-stock heartland without a reviewed commercial forestry block in this audit.,Zuidelijk Afrika als landbouw- en visserijregio voor een Victoria 3-mod,/Users/depro/Documents/Paradox Interactive/Victoria 3/mod/References/research/agriculture and fisheries research.md,"Free State is a major maize, wheat, cattle, and sheep province rather than a commercial forestry region.",Southern Africa comparator states ranked per region,/Users/depro/Documents/Paradox Interactive/Victoria 3/mod/References/research/southern_africa_comparator_states_ranked_per_region.md,"Free State comparator profile emphasizes cereal-and-stock land use, not a forestry belt.",state_localized,direct,broad_potential_only,1.0,Transorangia has no distinct commercial forestry slot; woodland does not drive x.
Transorangia,arid_or_unusable,1936,0.0,0.0,0.0,Wood is audited as potential effective commercial forestry land; representative year is metadata only and not GDP-selected.,Interior cereal-and-stock heartland without a reviewed commercial forestry block in this audit.,Zuidelijk Afrika als landbouw- en visserijregio voor een Victoria 3-mod,/Users/depro/Documents/Paradox Interactive/Victoria 3/mod/References/research/agriculture and fisheries research.md,"Free State is a major maize, wheat, cattle, and sheep province rather than a commercial forestry region.",Southern Africa comparator states ranked per region,/Users/depro/Documents/Paradox Interactive/Victoria 3/mod/References/research/southern_africa_comparator_states_ranked_per_region.md,"Free State comparator profile emphasizes cereal-and-stock land use, not a forestry belt.",state_localized,direct,broad_potential_only,1.0,Transorangia has no distinct commercial forestry slot; woodland does not drive x.
Drakensberg,high_suitability_plantation,1936,0.0,1.0,0.0,Wood is audited as potential effective commercial forestry land; representative year is metadata only and not GDP-selected.,"Lesotho has no commercial plantation sector beyond small woodlots and shelterbelts, so Drakensberg remains a true commercial-forestry zero.",Forests and Climate Change Working Paper 12,https://www.fao.org/4/i2970e/i2970e.pdf,"Botswana, Lesotho and Namibia do not have commercial plantations, except for some small woodlots and shelterbelts.",Zuidelijk Afrika als landbouw- en visserijregio voor een Victoria 3-mod,/Users/depro/Documents/Paradox Interactive/Victoria 3/mod/References/research/agriculture and fisheries research.md,Lesotho is reviewed as a mountain grain-and-pastoral system rather than a forestry economy.,state_localized,direct,broad_potential_only,1.0,Drakensberg remains a defended forestry zero; small woodlots and shelterbelts do not justify a distinct commercial slot.
Drakensberg,moderate_suitability_plantation,1936,0.0,0.65,0.0,Wood is audited as potential effective commercial forestry land; representative year is metadata only and not GDP-selected.,"Lesotho has no commercial plantation sector beyond small woodlots and shelterbelts, so Drakensberg remains a true commercial-forestry zero.",Forests and Climate Change Working Paper 12,https://www.fao.org/4/i2970e/i2970e.pdf,"Botswana, Lesotho and Namibia do not have commercial plantations, except for some small woodlots and shelterbelts.",Zuidelijk Afrika als landbouw- en visserijregio voor een Victoria 3-mod,/Users/depro/Documents/Paradox Interactive/Victoria 3/mod/References/research/agriculture and fisheries research.md,Lesotho is reviewed as a mountain grain-and-pastoral system rather than a forestry economy.,state_localized,direct,broad_potential_only,1.0,Drakensberg remains a defended forestry zero; small woodlots and shelterbelts do not justify a distinct commercial slot.
Drakensberg,restorable_commercial_forest,1936,0.0,0.4,0.0,Wood is audited as potential effective commercial forestry land; representative year is metadata only and not GDP-selected.,"Lesotho has no commercial plantation sector beyond small woodlots and shelterbelts, so Drakensberg remains a true commercial-forestry zero.",Forests and Climate Change Working Paper 12,https://www.fao.org/4/i2970e/i2970e.pdf,"Botswana, Lesotho and Namibia do not have commercial plantations, except for some small woodlots and shelterbelts.",Zuidelijk Afrika als landbouw- en visserijregio voor een Victoria 3-mod,/Users/depro/Documents/Paradox Interactive/Victoria 3/mod/References/research/agriculture and fisheries research.md,Lesotho is reviewed as a mountain grain-and-pastoral system rather than a forestry economy.,state_localized,direct,broad_potential_only,1.0,Drakensberg remains a defended forestry zero; small woodlots and shelterbelts do not justify a distinct commercial slot.
Drakensberg,marginal_forestry,1936,0.0,0.15,0.0,Wood is audited as potential effective commercial forestry land; representative year is metadata only and not GDP-selected.,"Lesotho has no commercial plantation sector beyond small woodlots and shelterbelts, so Drakensberg remains a true commercial-forestry zero.",Forests and Climate Change Working Paper 12,https://www.fao.org/4/i2970e/i2970e.pdf,"Botswana, Lesotho and Namibia do not have commercial plantations, except for some small woodlots and shelterbelts.",Zuidelijk Afrika als landbouw- en visserijregio voor een Victoria 3-mod,/Users/depro/Documents/Paradox Interactive/Victoria 3/mod/References/research/agriculture and fisheries research.md,Lesotho is reviewed as a mountain grain-and-pastoral system rather than a forestry economy.,state_localized,direct,broad_potential_only,1.0,Drakensberg remains a defended forestry zero; small woodlots and shelterbelts do not justify a distinct commercial slot.
Drakensberg,noncommercial_wooded_land,1936,0.0,0.0,0.0,Wood is audited as potential effective commercial forestry land; representative year is metadata only and not GDP-selected.,"Lesotho has no commercial plantation sector beyond small woodlots and shelterbelts, so Drakensberg remains a true commercial-forestry zero.",Forests and Climate Change Working Paper 12,https://www.fao.org/4/i2970e/i2970e.pdf,"Botswana, Lesotho and Namibia do not have commercial plantations, except for some small woodlots and shelterbelts.",Zuidelijk Afrika als landbouw- en visserijregio voor een Victoria 3-mod,/Users/depro/Documents/Paradox Interactive/Victoria 3/mod/References/research/agriculture and fisheries research.md,Lesotho is reviewed as a mountain grain-and-pastoral system rather than a forestry economy.,state_localized,direct,broad_potential_only,1.0,Drakensberg remains a defended forestry zero; small woodlots and shelterbelts do not justify a distinct commercial slot.
Drakensberg,arid_or_unusable,1936,0.0,0.0,0.0,Wood is audited as potential effective commercial forestry land; representative year is metadata only and not GDP-selected.,"Lesotho has no commercial plantation sector beyond small woodlots and shelterbelts, so Drakensberg remains a true commercial-forestry zero.",Forests and Climate Change Working Paper 12,https://www.fao.org/4/i2970e/i2970e.pdf,"Botswana, Lesotho and Namibia do not have commercial plantations, except for some small woodlots and shelterbelts.",Zuidelijk Afrika als landbouw- en visserijregio voor een Victoria 3-mod,/Users/depro/Documents/Paradox Interactive/Victoria 3/mod/References/research/agriculture and fisheries research.md,Lesotho is reviewed as a mountain grain-and-pastoral system rather than a forestry economy.,state_localized,direct,broad_potential_only,1.0,Drakensberg remains a defended forestry zero; small woodlots and shelterbelts do not justify a distinct commercial slot.
Botswana,high_suitability_plantation,1936,0.0,1.0,0.0,Wood is audited as potential effective commercial forestry land; representative year is metadata only and not GDP-selected.,Dry livestock-first country without a meaningful audited commercial forestry belt.,Zuidelijk Afrika als landbouw- en visserijregio voor een Victoria 3-mod,/Users/depro/Documents/Paradox Interactive/Victoria 3/mod/References/research/agriculture and fisheries research.md,"Botswana is drought-prone and cattle-first, with only narrow cereal corridors rather than plantation or forest systems.",Southern Africa comparator states ranked per region,/Users/depro/Documents/Paradox Interactive/Victoria 3/mod/References/research/southern_africa_comparator_states_ranked_per_region.md,"Botswana’s reviewed profile is a semi-arid agropastoral belt, not a forestry state.",state_localized,direct,broad_potential_only,1.0,Botswana has no distinct commercial forestry slot; wooded land does not drive x.
Botswana,moderate_suitability_plantation,1936,0.0,0.65,0.0,Wood is audited as potential effective commercial forestry land; representative year is metadata only and not GDP-selected.,Dry livestock-first country without a meaningful audited commercial forestry belt.,Zuidelijk Afrika als landbouw- en visserijregio voor een Victoria 3-mod,/Users/depro/Documents/Paradox Interactive/Victoria 3/mod/References/research/agriculture and fisheries research.md,"Botswana is drought-prone and cattle-first, with only narrow cereal corridors rather than plantation or forest systems.",Southern Africa comparator states ranked per region,/Users/depro/Documents/Paradox Interactive/Victoria 3/mod/References/research/southern_africa_comparator_states_ranked_per_region.md,"Botswana’s reviewed profile is a semi-arid agropastoral belt, not a forestry state.",state_localized,direct,broad_potential_only,1.0,Botswana has no distinct commercial forestry slot; wooded land does not drive x.
Botswana,restorable_commercial_forest,1936,0.0,0.4,0.0,Wood is audited as potential effective commercial forestry land; representative year is metadata only and not GDP-selected.,Dry livestock-first country without a meaningful audited commercial forestry belt.,Zuidelijk Afrika als landbouw- en visserijregio voor een Victoria 3-mod,/Users/depro/Documents/Paradox Interactive/Victoria 3/mod/References/research/agriculture and fisheries research.md,"Botswana is drought-prone and cattle-first, with only narrow cereal corridors rather than plantation or forest systems.",Southern Africa comparator states ranked per region,/Users/depro/Documents/Paradox Interactive/Victoria 3/mod/References/research/southern_africa_comparator_states_ranked_per_region.md,"Botswana’s reviewed profile is a semi-arid agropastoral belt, not a forestry state.",state_localized,direct,broad_potential_only,1.0,Botswana has no distinct commercial forestry slot; wooded land does not drive x.
Botswana,marginal_forestry,1936,0.0,0.15,0.0,Wood is audited as potential effective commercial forestry land; representative year is metadata only and not GDP-selected.,Dry livestock-first country without a meaningful audited commercial forestry belt.,Zuidelijk Afrika als landbouw- en visserijregio voor een Victoria 3-mod,/Users/depro/Documents/Paradox Interactive/Victoria 3/mod/References/research/agriculture and fisheries research.md,"Botswana is drought-prone and cattle-first, with only narrow cereal corridors rather than plantation or forest systems.",Southern Africa comparator states ranked per region,/Users/depro/Documents/Paradox Interactive/Victoria 3/mod/References/research/southern_africa_comparator_states_ranked_per_region.md,"Botswana’s reviewed profile is a semi-arid agropastoral belt, not a forestry state.",state_localized,direct,broad_potential_only,1.0,Botswana has no distinct commercial forestry slot; wooded land does not drive x.
Botswana,noncommercial_wooded_land,1936,0.0,0.0,0.0,Wood is audited as potential effective commercial forestry land; representative year is metadata only and not GDP-selected.,Dry livestock-first country without a meaningful audited commercial forestry belt.,Zuidelijk Afrika als landbouw- en visserijregio voor een Victoria 3-mod,/Users/depro/Documents/Paradox Interactive/Victoria 3/mod/References/research/agriculture and fisheries research.md,"Botswana is drought-prone and cattle-first, with only narrow cereal corridors rather than plantation or forest systems.",Southern Africa comparator states ranked per region,/Users/depro/Documents/Paradox Interactive/Victoria 3/mod/References/research/southern_africa_comparator_states_ranked_per_region.md,"Botswana’s reviewed profile is a semi-arid agropastoral belt, not a forestry state.",state_localized,direct,broad_potential_only,1.0,Botswana has no distinct commercial forestry slot; wooded land does not drive x.
Botswana,arid_or_unusable,1936,0.0,0.0,0.0,Wood is audited as potential effective commercial forestry land; representative year is metadata only and not GDP-selected.,Dry livestock-first country without a meaningful audited commercial forestry belt.,Zuidelijk Afrika als landbouw- en visserijregio voor een Victoria 3-mod,/Users/depro/Documents/Paradox Interactive/Victoria 3/mod/References/research/agriculture and fisheries research.md,"Botswana is drought-prone and cattle-first, with only narrow cereal corridors rather than plantation or forest systems.",Southern Africa comparator states ranked per region,/Users/depro/Documents/Paradox Interactive/Victoria 3/mod/References/research/southern_africa_comparator_states_ranked_per_region.md,"Botswana’s reviewed profile is a semi-arid agropastoral belt, not a forestry state.",state_localized,direct,broad_potential_only,1.0,Botswana has no distinct commercial forestry slot; wooded land does not drive x.
Lourenço Marques,high_suitability_plantation,1936,0.0,1.0,0.0,Wood is audited as potential effective commercial forestry land; representative year is metadata only and not GDP-selected.,Maputo-Gaza and the lower Limpopo are audited here as crop-and-riverine lowland country rather than as a distinct commercial forestry province.,Forestry - SAFCOL,https://www.safcol.co.za/about-us/our-business/forestry,SAFCOL forestry operations in Mozambique are in Manica and Sofala provinces.,Zuidelijk Afrika als landbouw- en visserijregio voor een Victoria 3-mod,/Users/depro/Documents/Paradox Interactive/Victoria 3/mod/References/research/agriculture and fisheries research.md,"Southern Mozambique and the lower Limpopo are reviewed through maize, millet, rice, bananas, sugar, and cotton rather than forestry.",regional_proxy,partial_overlap,broad_potential_only,0.35,Mozambique-wide forestry claims remain non-driving for Lourenço Marques; the reviewed Maputo-Gaza littoral does not show a distinct commercial forestry slot.
Lourenço Marques,moderate_suitability_plantation,1936,0.0,0.65,0.0,Wood is audited as potential effective commercial forestry land; representative year is metadata only and not GDP-selected.,Maputo-Gaza and the lower Limpopo are audited here as crop-and-riverine lowland country rather than as a distinct commercial forestry province.,Forestry - SAFCOL,https://www.safcol.co.za/about-us/our-business/forestry,SAFCOL forestry operations in Mozambique are in Manica and Sofala provinces.,Zuidelijk Afrika als landbouw- en visserijregio voor een Victoria 3-mod,/Users/depro/Documents/Paradox Interactive/Victoria 3/mod/References/research/agriculture and fisheries research.md,"Southern Mozambique and the lower Limpopo are reviewed through maize, millet, rice, bananas, sugar, and cotton rather than forestry.",regional_proxy,partial_overlap,broad_potential_only,0.35,Mozambique-wide forestry claims remain non-driving for Lourenço Marques; the reviewed Maputo-Gaza littoral does not show a distinct commercial forestry slot.
Lourenço Marques,restorable_commercial_forest,1936,0.0,0.4,0.0,Wood is audited as potential effective commercial forestry land; representative year is metadata only and not GDP-selected.,Maputo-Gaza and the lower Limpopo are audited here as crop-and-riverine lowland country rather than as a distinct commercial forestry province.,Forestry - SAFCOL,https://www.safcol.co.za/about-us/our-business/forestry,SAFCOL forestry operations in Mozambique are in Manica and Sofala provinces.,Zuidelijk Afrika als landbouw- en visserijregio voor een Victoria 3-mod,/Users/depro/Documents/Paradox Interactive/Victoria 3/mod/References/research/agriculture and fisheries research.md,"Southern Mozambique and the lower Limpopo are reviewed through maize, millet, rice, bananas, sugar, and cotton rather than forestry.",regional_proxy,partial_overlap,broad_potential_only,0.35,Mozambique-wide forestry claims remain non-driving for Lourenço Marques; the reviewed Maputo-Gaza littoral does not show a distinct commercial forestry slot.
Lourenço Marques,marginal_forestry,1936,0.0,0.15,0.0,Wood is audited as potential effective commercial forestry land; representative year is metadata only and not GDP-selected.,Maputo-Gaza and the lower Limpopo are audited here as crop-and-riverine lowland country rather than as a distinct commercial forestry province.,Forestry - SAFCOL,https://www.safcol.co.za/about-us/our-business/forestry,SAFCOL forestry operations in Mozambique are in Manica and Sofala provinces.,Zuidelijk Afrika als landbouw- en visserijregio voor een Victoria 3-mod,/Users/depro/Documents/Paradox Interactive/Victoria 3/mod/References/research/agriculture and fisheries research.md,"Southern Mozambique and the lower Limpopo are reviewed through maize, millet, rice, bananas, sugar, and cotton rather than forestry.",regional_proxy,partial_overlap,broad_potential_only,0.35,Mozambique-wide forestry claims remain non-driving for Lourenço Marques; the reviewed Maputo-Gaza littoral does not show a distinct commercial forestry slot.
Lourenço Marques,noncommercial_wooded_land,1936,0.0,0.0,0.0,Wood is audited as potential effective commercial forestry land; representative year is metadata only and not GDP-selected.,Maputo-Gaza and the lower Limpopo are audited here as crop-and-riverine lowland country rather than as a distinct commercial forestry province.,Forestry - SAFCOL,https://www.safcol.co.za/about-us/our-business/forestry,SAFCOL forestry operations in Mozambique are in Manica and Sofala provinces.,Zuidelijk Afrika als landbouw- en visserijregio voor een Victoria 3-mod,/Users/depro/Documents/Paradox Interactive/Victoria 3/mod/References/research/agriculture and fisheries research.md,"Southern Mozambique and the lower Limpopo are reviewed through maize, millet, rice, bananas, sugar, and cotton rather than forestry.",regional_proxy,partial_overlap,broad_potential_only,0.35,Mozambique-wide forestry claims remain non-driving for Lourenço Marques; the reviewed Maputo-Gaza littoral does not show a distinct commercial forestry slot.
Lourenço Marques,arid_or_unusable,1936,0.0,0.0,0.0,Wood is audited as potential effective commercial forestry land; representative year is metadata only and not GDP-selected.,Maputo-Gaza and the lower Limpopo are audited here as crop-and-riverine lowland country rather than as a distinct commercial forestry province.,Forestry - SAFCOL,https://www.safcol.co.za/about-us/our-business/forestry,SAFCOL forestry operations in Mozambique are in Manica and Sofala provinces.,Zuidelijk Afrika als landbouw- en visserijregio voor een Victoria 3-mod,/Users/depro/Documents/Paradox Interactive/Victoria 3/mod/References/research/agriculture and fisheries research.md,"Southern Mozambique and the lower Limpopo are reviewed through maize, millet, rice, bananas, sugar, and cotton rather than forestry.",regional_proxy,partial_overlap,broad_potential_only,0.35,Mozambique-wide forestry claims remain non-driving for Lourenço Marques; the reviewed Maputo-Gaza littoral does not show a distinct commercial forestry slot.
Zambezi,high_suitability_plantation,1936,50000.0,1.0,40000.0,Wood is audited as potential effective commercial forestry land; representative year is metadata only and not GDP-selected.,"Zambezi carries a moderate forestry row anchored on the Eastern Highlands plantation belt, not on a generic whole-Zimbabwe forestry claim.",Forests and Climate Change Working Paper 12,https://www.fao.org/4/i2970e/i2970e.pdf,"Zimbabwe had about 108,000 ha of commercial plantations, concentrated in the wetter east.",Zimbabwe Biodiversity Report,https://www.awf.org/sites/default/files/2023-09/ZBE%20Report%20Final%20Copy%20-%20080923.pdf,"About 90% of Zimbabwe's planted or exotic forests are in the Eastern Highlands, which localizes the forestry slot to the eastern state footprint rather than the whole country.",regional_proxy,partial_overlap,distinct_slot_supported,0.8,Zambezi wood capacity is bounded to the Eastern Highlands plantation belt inside the broader state footprint rather than to a whole-Zimbabwe forestry fallback.
Zambezi,moderate_suitability_plantation,1936,70000.0,0.65,36400.0,Wood is audited as potential effective commercial forestry land; representative year is metadata only and not GDP-selected.,"Zambezi carries a moderate forestry row anchored on the Eastern Highlands plantation belt, not on a generic whole-Zimbabwe forestry claim.",Forests and Climate Change Working Paper 12,https://www.fao.org/4/i2970e/i2970e.pdf,"Zimbabwe had about 108,000 ha of commercial plantations, concentrated in the wetter east.",Zimbabwe Biodiversity Report,https://www.awf.org/sites/default/files/2023-09/ZBE%20Report%20Final%20Copy%20-%20080923.pdf,"About 90% of Zimbabwe's planted or exotic forests are in the Eastern Highlands, which localizes the forestry slot to the eastern state footprint rather than the whole country.",regional_proxy,partial_overlap,distinct_slot_supported,0.8,Zambezi wood capacity is bounded to the Eastern Highlands plantation belt inside the broader state footprint rather than to a whole-Zimbabwe forestry fallback.
Zambezi,restorable_commercial_forest,1936,50000.0,0.4,16000.0,Wood is audited as potential effective commercial forestry land; representative year is metadata only and not GDP-selected.,"Zambezi carries a moderate forestry row anchored on the Eastern Highlands plantation belt, not on a generic whole-Zimbabwe forestry claim.",Forests and Climate Change Working Paper 12,https://www.fao.org/4/i2970e/i2970e.pdf,"Zimbabwe had about 108,000 ha of commercial plantations, concentrated in the wetter east.",Zimbabwe Biodiversity Report,https://www.awf.org/sites/default/files/2023-09/ZBE%20Report%20Final%20Copy%20-%20080923.pdf,"About 90% of Zimbabwe's planted or exotic forests are in the Eastern Highlands, which localizes the forestry slot to the eastern state footprint rather than the whole country.",regional_proxy,partial_overlap,distinct_slot_supported,0.8,Zambezi wood capacity is bounded to the Eastern Highlands plantation belt inside the broader state footprint rather than to a whole-Zimbabwe forestry fallback.
Zambezi,marginal_forestry,1936,20000.0,0.15,2400.0,Wood is audited as potential effective commercial forestry land; representative year is metadata only and not GDP-selected.,"Zambezi carries a moderate forestry row anchored on the Eastern Highlands plantation belt, not on a generic whole-Zimbabwe forestry claim.",Forests and Climate Change Working Paper 12,https://www.fao.org/4/i2970e/i2970e.pdf,"Zimbabwe had about 108,000 ha of commercial plantations, concentrated in the wetter east.",Zimbabwe Biodiversity Report,https://www.awf.org/sites/default/files/2023-09/ZBE%20Report%20Final%20Copy%20-%20080923.pdf,"About 90% of Zimbabwe's planted or exotic forests are in the Eastern Highlands, which localizes the forestry slot to the eastern state footprint rather than the whole country.",regional_proxy,partial_overlap,distinct_slot_supported,0.8,Zambezi wood capacity is bounded to the Eastern Highlands plantation belt inside the broader state footprint rather than to a whole-Zimbabwe forestry fallback.
Zambezi,noncommercial_wooded_land,1936,0.0,0.0,0.0,Wood is audited as potential effective commercial forestry land; representative year is metadata only and not GDP-selected.,"Zambezi carries a moderate forestry row anchored on the Eastern Highlands plantation belt, not on a generic whole-Zimbabwe forestry claim.",Forests and Climate Change Working Paper 12,https://www.fao.org/4/i2970e/i2970e.pdf,"Zimbabwe had about 108,000 ha of commercial plantations, concentrated in the wetter east.",Zimbabwe Biodiversity Report,https://www.awf.org/sites/default/files/2023-09/ZBE%20Report%20Final%20Copy%20-%20080923.pdf,"About 90% of Zimbabwe's planted or exotic forests are in the Eastern Highlands, which localizes the forestry slot to the eastern state footprint rather than the whole country.",regional_proxy,partial_overlap,distinct_slot_supported,0.8,Zambezi wood capacity is bounded to the Eastern Highlands plantation belt inside the broader state footprint rather than to a whole-Zimbabwe forestry fallback.
Zambezi,arid_or_unusable,1936,0.0,0.0,0.0,Wood is audited as potential effective commercial forestry land; representative year is metadata only and not GDP-selected.,"Zambezi carries a moderate forestry row anchored on the Eastern Highlands plantation belt, not on a generic whole-Zimbabwe forestry claim.",Forests and Climate Change Working Paper 12,https://www.fao.org/4/i2970e/i2970e.pdf,"Zimbabwe had about 108,000 ha of commercial plantations, concentrated in the wetter east.",Zimbabwe Biodiversity Report,https://www.awf.org/sites/default/files/2023-09/ZBE%20Report%20Final%20Copy%20-%20080923.pdf,"About 90% of Zimbabwe's planted or exotic forests are in the Eastern Highlands, which localizes the forestry slot to the eastern state footprint rather than the whole country.",regional_proxy,partial_overlap,distinct_slot_supported,0.8,Zambezi wood capacity is bounded to the Eastern Highlands plantation belt inside the broader state footprint rather than to a whole-Zimbabwe forestry fallback.
Hereroland,high_suitability_plantation,1936,0.0,1.0,0.0,Wood is audited as potential effective commercial forestry land; representative year is metadata only and not GDP-selected.,Northern and central Namibian savanna-woodland does not translate into a commercial forestry belt in this audit.,Southern Africa comparator states ranked per region,/Users/depro/Documents/Paradox Interactive/Victoria 3/mod/References/research/southern_africa_comparator_states_ranked_per_region.md,Northern Namibia is reviewed as a savanna-woodland agropastoral belt where cattle and grains dominate rather than forestry.,Zuidelijk Afrika als landbouw- en visserijregio voor een Victoria 3-mod,/Users/depro/Documents/Paradox Interactive/Victoria 3/mod/References/research/agriculture and fisheries research.md,"Northern Namibia is a maize/millet-plus-cattle savanna belt, not a commercial timber belt.",state_localized,direct,broad_potential_only,1.0,Hereroland has no distinct commercial forestry slot; wooded savanna does not drive x.
Hereroland,moderate_suitability_plantation,1936,0.0,0.65,0.0,Wood is audited as potential effective commercial forestry land; representative year is metadata only and not GDP-selected.,Northern and central Namibian savanna-woodland does not translate into a commercial forestry belt in this audit.,Southern Africa comparator states ranked per region,/Users/depro/Documents/Paradox Interactive/Victoria 3/mod/References/research/southern_africa_comparator_states_ranked_per_region.md,Northern Namibia is reviewed as a savanna-woodland agropastoral belt where cattle and grains dominate rather than forestry.,Zuidelijk Afrika als landbouw- en visserijregio voor een Victoria 3-mod,/Users/depro/Documents/Paradox Interactive/Victoria 3/mod/References/research/agriculture and fisheries research.md,"Northern Namibia is a maize/millet-plus-cattle savanna belt, not a commercial timber belt.",state_localized,direct,broad_potential_only,1.0,Hereroland has no distinct commercial forestry slot; wooded savanna does not drive x.
Hereroland,restorable_commercial_forest,1936,0.0,0.4,0.0,Wood is audited as potential effective commercial forestry land; representative year is metadata only and not GDP-selected.,Northern and central Namibian savanna-woodland does not translate into a commercial forestry belt in this audit.,Southern Africa comparator states ranked per region,/Users/depro/Documents/Paradox Interactive/Victoria 3/mod/References/research/southern_africa_comparator_states_ranked_per_region.md,Northern Namibia is reviewed as a savanna-woodland agropastoral belt where cattle and grains dominate rather than forestry.,Zuidelijk Afrika als landbouw- en visserijregio voor een Victoria 3-mod,/Users/depro/Documents/Paradox Interactive/Victoria 3/mod/References/research/agriculture and fisheries research.md,"Northern Namibia is a maize/millet-plus-cattle savanna belt, not a commercial timber belt.",state_localized,direct,broad_potential_only,1.0,Hereroland has no distinct commercial forestry slot; wooded savanna does not drive x.
Hereroland,marginal_forestry,1936,0.0,0.15,0.0,Wood is audited as potential effective commercial forestry land; representative year is metadata only and not GDP-selected.,Northern and central Namibian savanna-woodland does not translate into a commercial forestry belt in this audit.,Southern Africa comparator states ranked per region,/Users/depro/Documents/Paradox Interactive/Victoria 3/mod/References/research/southern_africa_comparator_states_ranked_per_region.md,Northern Namibia is reviewed as a savanna-woodland agropastoral belt where cattle and grains dominate rather than forestry.,Zuidelijk Afrika als landbouw- en visserijregio voor een Victoria 3-mod,/Users/depro/Documents/Paradox Interactive/Victoria 3/mod/References/research/agriculture and fisheries research.md,"Northern Namibia is a maize/millet-plus-cattle savanna belt, not a commercial timber belt.",state_localized,direct,broad_potential_only,1.0,Hereroland has no distinct commercial forestry slot; wooded savanna does not drive x.
Hereroland,noncommercial_wooded_land,1936,0.0,0.0,0.0,Wood is audited as potential effective commercial forestry land; representative year is metadata only and not GDP-selected.,Northern and central Namibian savanna-woodland does not translate into a commercial forestry belt in this audit.,Southern Africa comparator states ranked per region,/Users/depro/Documents/Paradox Interactive/Victoria 3/mod/References/research/southern_africa_comparator_states_ranked_per_region.md,Northern Namibia is reviewed as a savanna-woodland agropastoral belt where cattle and grains dominate rather than forestry.,Zuidelijk Afrika als landbouw- en visserijregio voor een Victoria 3-mod,/Users/depro/Documents/Paradox Interactive/Victoria 3/mod/References/research/agriculture and fisheries research.md,"Northern Namibia is a maize/millet-plus-cattle savanna belt, not a commercial timber belt.",state_localized,direct,broad_potential_only,1.0,Hereroland has no distinct commercial forestry slot; wooded savanna does not drive x.
Hereroland,arid_or_unusable,1936,0.0,0.0,0.0,Wood is audited as potential effective commercial forestry land; representative year is metadata only and not GDP-selected.,Northern and central Namibian savanna-woodland does not translate into a commercial forestry belt in this audit.,Southern Africa comparator states ranked per region,/Users/depro/Documents/Paradox Interactive/Victoria 3/mod/References/research/southern_africa_comparator_states_ranked_per_region.md,Northern Namibia is reviewed as a savanna-woodland agropastoral belt where cattle and grains dominate rather than forestry.,Zuidelijk Afrika als landbouw- en visserijregio voor een Victoria 3-mod,/Users/depro/Documents/Paradox Interactive/Victoria 3/mod/References/research/agriculture and fisheries research.md,"Northern Namibia is a maize/millet-plus-cattle savanna belt, not a commercial timber belt.",state_localized,direct,broad_potential_only,1.0,Hereroland has no distinct commercial forestry slot; wooded savanna does not drive x.
Namaqualand,high_suitability_plantation,1936,0.0,1.0,0.0,Wood is audited as potential effective commercial forestry land; representative year is metadata only and not GDP-selected.,Arid southern Namibian terrain and riverine pockets do not justify commercial forestry land in this pass.,Zuidelijk Afrika als landbouw- en visserijregio voor een Victoria 3-mod,/Users/depro/Documents/Paradox Interactive/Victoria 3/mod/References/research/agriculture and fisheries research.md,"Southern Namibia is reviewed as sheep-and-goat country with tiny irrigated pockets, not a forestry zone.",Southern Africa comparator states ranked per region,/Users/depro/Documents/Paradox Interactive/Victoria 3/mod/References/research/southern_africa_comparator_states_ranked_per_region.md,"Southern Namibia analogues are arid grazing systems, not commercial forestry states.",state_localized,direct,broad_potential_only,1.0,Namaqualand has no distinct commercial forestry slot; arid wooded pockets do not drive x.
Namaqualand,moderate_suitability_plantation,1936,0.0,0.65,0.0,Wood is audited as potential effective commercial forestry land; representative year is metadata only and not GDP-selected.,Arid southern Namibian terrain and riverine pockets do not justify commercial forestry land in this pass.,Zuidelijk Afrika als landbouw- en visserijregio voor een Victoria 3-mod,/Users/depro/Documents/Paradox Interactive/Victoria 3/mod/References/research/agriculture and fisheries research.md,"Southern Namibia is reviewed as sheep-and-goat country with tiny irrigated pockets, not a forestry zone.",Southern Africa comparator states ranked per region,/Users/depro/Documents/Paradox Interactive/Victoria 3/mod/References/research/southern_africa_comparator_states_ranked_per_region.md,"Southern Namibia analogues are arid grazing systems, not commercial forestry states.",state_localized,direct,broad_potential_only,1.0,Namaqualand has no distinct commercial forestry slot; arid wooded pockets do not drive x.
Namaqualand,restorable_commercial_forest,1936,0.0,0.4,0.0,Wood is audited as potential effective commercial forestry land; representative year is metadata only and not GDP-selected.,Arid southern Namibian terrain and riverine pockets do not justify commercial forestry land in this pass.,Zuidelijk Afrika als landbouw- en visserijregio voor een Victoria 3-mod,/Users/depro/Documents/Paradox Interactive/Victoria 3/mod/References/research/agriculture and fisheries research.md,"Southern Namibia is reviewed as sheep-and-goat country with tiny irrigated pockets, not a forestry zone.",Southern Africa comparator states ranked per region,/Users/depro/Documents/Paradox Interactive/Victoria 3/mod/References/research/southern_africa_comparator_states_ranked_per_region.md,"Southern Namibia analogues are arid grazing systems, not commercial forestry states.",state_localized,direct,broad_potential_only,1.0,Namaqualand has no distinct commercial forestry slot; arid wooded pockets do not drive x.
Namaqualand,marginal_forestry,1936,0.0,0.15,0.0,Wood is audited as potential effective commercial forestry land; representative year is metadata only and not GDP-selected.,Arid southern Namibian terrain and riverine pockets do not justify commercial forestry land in this pass.,Zuidelijk Afrika als landbouw- en visserijregio voor een Victoria 3-mod,/Users/depro/Documents/Paradox Interactive/Victoria 3/mod/References/research/agriculture and fisheries research.md,"Southern Namibia is reviewed as sheep-and-goat country with tiny irrigated pockets, not a forestry zone.",Southern Africa comparator states ranked per region,/Users/depro/Documents/Paradox Interactive/Victoria 3/mod/References/research/southern_africa_comparator_states_ranked_per_region.md,"Southern Namibia analogues are arid grazing systems, not commercial forestry states.",state_localized,direct,broad_potential_only,1.0,Namaqualand has no distinct commercial forestry slot; arid wooded pockets do not drive x.
Namaqualand,noncommercial_wooded_land,1936,0.0,0.0,0.0,Wood is audited as potential effective commercial forestry land; representative year is metadata only and not GDP-selected.,Arid southern Namibian terrain and riverine pockets do not justify commercial forestry land in this pass.,Zuidelijk Afrika als landbouw- en visserijregio voor een Victoria 3-mod,/Users/depro/Documents/Paradox Interactive/Victoria 3/mod/References/research/agriculture and fisheries research.md,"Southern Namibia is reviewed as sheep-and-goat country with tiny irrigated pockets, not a forestry zone.",Southern Africa comparator states ranked per region,/Users/depro/Documents/Paradox Interactive/Victoria 3/mod/References/research/southern_africa_comparator_states_ranked_per_region.md,"Southern Namibia analogues are arid grazing systems, not commercial forestry states.",state_localized,direct,broad_potential_only,1.0,Namaqualand has no distinct commercial forestry slot; arid wooded pockets do not drive x.
Namaqualand,arid_or_unusable,1936,0.0,0.0,0.0,Wood is audited as potential effective commercial forestry land; representative year is metadata only and not GDP-selected.,Arid southern Namibian terrain and riverine pockets do not justify commercial forestry land in this pass.,Zuidelijk Afrika als landbouw- en visserijregio voor een Victoria 3-mod,/Users/depro/Documents/Paradox Interactive/Victoria 3/mod/References/research/agriculture and fisheries research.md,"Southern Namibia is reviewed as sheep-and-goat country with tiny irrigated pockets, not a forestry zone.",Southern Africa comparator states ranked per region,/Users/depro/Documents/Paradox Interactive/Victoria 3/mod/References/research/southern_africa_comparator_states_ranked_per_region.md,"Southern Namibia analogues are arid grazing systems, not commercial forestry states.",state_localized,direct,broad_potential_only,1.0,Namaqualand has no distinct commercial forestry slot; arid wooded pockets do not drive x.
